date,open,high,low,close,volume
2017-11-28,10780.0,11020.0,10590.0,10650.0,513590
2017-11-29,10910.0,10910.0,10500.0,10650.0,110120
2017-11-30,10500.0,10910.0,10500.0,10780.0,227200
2017-12-01,10790.0,10790.0,10660.0,10700.0,120110
2017-12-04,10530.0,10850.0,10530.0,10760.0,206480
2017-12-05,10760.0,11080.0,10680.0,10790.0,554550
2017-12-06,10850.0,11080.0,10790.0,10930.0,293890
2017-12-07,11080.0,11700.0,11080.0,11700.0,529820
2017-12-08,11700.0,11700.0,11310.0,11480.0,161270
2017-12-11,11370.0,11370.0,10930.0,10990.0,196830
2017-12-12,10820.0,11050.0,10300.0,11050.0,650700
2017-12-13,11080.0,11310.0,10880.0,11190.0,97680
2017-12-14,10930.0,11190.0,10650.0,10930.0,77300
2017-12-15,11050.0,11160.0,10820.0,11110.0,100880
2017-12-18,11160.0,11160.0,10930.0,10960.0,102880
2017-12-19,10930.0,11190.0,10910.0,11160.0,311480
2017-12-20,11190.0,11340.0,10990.0,11190.0,118250
2017-12-21,11190.0,11420.0,11190.0,11390.0,245190
2017-12-22,11220.0,11390.0,11110.0,11220.0,53340
2017-12-25,11160.0,11190.0,10930.0,11080.0,51120
2017-12-26,10960.0,11450.0,10930.0,11450.0,108260
2017-12-27,11220.0,11420.0,11080.0,11080.0,59990
2017-12-28,10960.0,11220.0,10960.0,11190.0,27740
2017-12-29,11220.0,11220.0,10990.0,11110.0,42470
2018-01-02,11110.0,11190.0,10960.0,11190.0,84040
2018-01-03,11310.0,11310.0,11110.0,11250.0,75160
2018-01-04,11280.0,11280.0,11050.0,11220.0,239200
2018-01-05,11220.0,11220.0,11080.0,11140.0,192600
2018-01-08,11060.0,11160.0,11020.0,11110.0,147030
2018-01-09,11190.0,11190.0,10730.0,10820.0,469280
2018-01-10,10820.0,11080.0,10820.0,10930.0,262990
2018-01-11,11060.0,11060.0,10590.0,10650.0,561770
2018-01-12,10790.0,10930.0,10680.0,10930.0,79760
2018-01-15,10930.0,11050.0,10730.0,10910.0,232340
2018-01-16,10910.0,10920.0,10760.0,10910.0,157050
2018-01-17,10850.0,10910.0,10700.0,10860.0,115840
2018-01-18,10760.0,10860.0,10560.0,10650.0,160890
2018-01-19,10850.0,10850.0,10440.0,10650.0,273720
2018-01-22,10500.0,10790.0,10440.0,10590.0,92440
2018-01-23,10590.0,10590.0,10590.0,10590.0,0
2018-01-24,10590.0,10590.0,10590.0,10590.0,0
2018-01-25,10420.0,10650.0,10330.0,10650.0,240210
2018-01-26,10650.0,10880.0,10360.0,10880.0,125200
2018-01-29,10890.0,10920.0,10360.0,10530.0,168240
2018-01-30,10420.0,10650.0,10420.0,10630.0,124790
2018-01-31,10530.0,10650.0,10500.0,10500.0,78700
2018-02-01,10390.0,10790.0,10390.0,10780.0,82020
2018-02-02,10780.0,10880.0,10650.0,10880.0,134990
2018-02-05,11050.0,11050.0,10360.0,10360.0,78650
2018-02-06,9670.0,10360.0,9670.0,10360.0,144640
2018-02-07,10360.0,10420.0,10210.0,10270.0,34820
2018-02-08,10130.0,10160.0,10070.0,10160.0,17580
2018-02-09,10010.0,10160.0,9960.0,10070.0,54510
2018-02-12,10070.0,10300.0,10040.0,10070.0,271210
2018-02-13,10070.0,10070.0,9930.0,10040.0,92430
2018-02-21,10720.0,10720.0,10030.0,10070.0,288530
2018-02-22,10030.0,10210.0,10010.0,10070.0,224340
2018-02-23,10070.0,10070.0,9930.0,10060.0,28100
2018-02-26,10440.0,10440.0,9770.0,9780.0,363140
2018-02-27,9980.0,10160.0,9840.0,10040.0,19280
2018-02-28,9810.0,10060.0,9780.0,10040.0,72680
2018-03-01,9780.0,10070.0,9780.0,9930.0,55370
2018-03-02,10060.0,10060.0,9780.0,9960.0,33630
2018-03-05,10010.0,10070.0,9930.0,10010.0,64860
2018-03-06,10040.0,10070.0,9930.0,10070.0,10960
2018-03-07,10070.0,10070.0,9370.0,10010.0,156240
2018-03-08,9800.0,10010.0,9800.0,9980.0,13210
2018-03-09,9980.0,9980.0,9770.0,9770.0,126260
2018-03-12,9610.0,9900.0,9510.0,9900.0,255970
2018-03-13,9810.0,10000.0,9810.0,9900.0,238420
2018-03-14,9900.0,10070.0,9840.0,9840.0,159450
2018-03-15,9840.0,9930.0,9830.0,9930.0,167310
2018-03-16,9930.0,9930.0,9840.0,9840.0,81980
2018-03-19,9840.0,9840.0,9770.0,9770.0,214350
2018-03-20,9770.0,9780.0,9150.0,9150.0,283420
2018-03-21,9780.0,9780.0,9240.0,9480.0,24520
2018-03-22,9780.0,9780.0,9290.0,9290.0,84440
2018-03-23,9290.0,9480.0,9210.0,9210.0,61370
2018-03-26,9210.0,9290.0,9180.0,9210.0,127430
2018-03-27,9210.0,9410.0,9210.0,9370.0,18590
2018-03-28,9370.0,9580.0,9370.0,9410.0,70280
2018-03-29,9550.0,9550.0,9350.0,9380.0,15950
2018-03-30,9370.0,9500.0,9340.0,9470.0,29220
2018-04-02,9470.0,9470.0,9210.0,9210.0,176790
2018-04-03,9310.0,9310.0,8920.0,9060.0,158250
2018-04-04,9210.0,9500.0,9090.0,9210.0,54900
2018-04-05,9120.0,9290.0,9090.0,9210.0,17460
2018-04-06,9550.0,9550.0,9150.0,9210.0,156990
2018-04-09,9210.0,9240.0,9180.0,9190.0,114750
2018-04-10,9180.0,9210.0,9180.0,9180.0,69870
2018-04-11,9180.0,9180.0,9110.0,9120.0,54820
2018-04-12,9120.0,9120.0,8920.0,9040.0,58440
2018-04-13,9040.0,9040.0,8950.0,9040.0,14020
2018-04-16,9040.0,9060.0,9010.0,9040.0,437150
2018-04-17,8890.0,9380.0,8890.0,9350.0,636250
2018-04-18,9350.0,10000.0,9350.0,9730.0,275780
2018-04-19,9900.0,9900.0,9420.0,9500.0,144990
2018-04-20,9290.0,9640.0,9290.0,9610.0,73140
2018-04-23,9840.0,9840.0,9580.0,9580.0,98380
2018-04-24,9580.0,9580.0,9090.0,9470.0,53280
2018-04-26,9120.0,9420.0,9040.0,9320.0,44810
2018-04-27,9270.0,9320.0,9060.0,9290.0,31920
2018-05-02,9500.0,9640.0,9290.0,9500.0,25320
2018-05-03,9500.0,9500.0,8830.0,9290.0,14990
2018-05-04,9210.0,9350.0,8920.0,9270.0,14250
2018-05-07,9550.0,9550.0,9210.0,9350.0,14450
2018-05-08,9350.0,9380.0,9290.0,9320.0,19170
2018-05-09,9320.0,9320.0,9120.0,9120.0,5730
2018-05-10,9150.0,9700.0,9150.0,9500.0,46690
2018-05-11,9750.0,9750.0,9440.0,9440.0,11010
2018-05-14,9380.0,9520.0,9350.0,9470.0,24330
2018-05-15,9350.0,9520.0,9350.0,9500.0,28410
2018-05-16,9610.0,9730.0,9470.0,9640.0,86450
2018-05-17,9780.0,9780.0,9580.0,9580.0,47100
2018-05-18,9500.0,9500.0,9380.0,9500.0,21380
2018-05-21,9640.0,9730.0,9250.0,9250.0,8780
2018-05-22,9250.0,9290.0,8920.0,9060.0,100010
2018-05-23,8920.0,8920.0,8860.0,8920.0,42550
2018-05-24,9060.0,9540.0,8890.0,8890.0,24830
2018-05-25,8890.0,8920.0,8780.0,8890.0,23170
2018-05-28,8920.0,8920.0,8490.0,8490.0,181820
2018-05-29,8490.0,8750.0,8290.0,8290.0,71920
2018-05-30,8290.0,8290.0,8170.0,8290.0,93100
2018-05-31,8600.0,8600.0,8230.0,8290.0,45060
2018-06-01,8290.0,8570.0,8260.0,8290.0,50920
2018-06-04,8490.0,8550.0,8290.0,8490.0,227590
2018-06-05,8490.0,8890.0,8490.0,8550.0,127140
2018-06-06,8780.0,8780.0,8550.0,8630.0,27090
2018-06-07,8860.0,9240.0,8630.0,9210.0,104880
2018-06-08,9210.0,9440.0,9150.0,9290.0,25590
2018-06-11,9550.0,9550.0,9270.0,9310.0,37930
2018-06-12,9240.0,9240.0,9060.0,9210.0,111110
2018-06-13,9350.0,9640.0,9350.0,9520.0,113160
2018-06-14,9610.0,9640.0,9210.0,9210.0,90240
2018-06-15,9270.0,9640.0,9270.0,9520.0,73430
2018-06-18,9640.0,9640.0,9060.0,9210.0,90570
2018-06-19,9210.0,9210.0,9040.0,9150.0,132190
2018-06-20,9350.0,9350.0,9150.0,9150.0,13690
2018-06-21,9340.0,9340.0,8980.0,9180.0,74980
2018-06-22,9180.0,9470.0,9180.0,9340.0,204130
2018-06-25,9780.0,9780.0,9240.0,9440.0,55550
2018-06-26,9730.0,9730.0,9210.0,9440.0,29430
2018-06-27,9500.0,9640.0,9290.0,9620.0,82380
2018-06-28,9620.0,9620.0,9290.0,9290.0,33240
2018-06-29,9350.0,9380.0,9270.0,9290.0,91010
2018-07-02,9640.0,9640.0,9210.0,9350.0,14380
2018-07-03,9350.0,9470.0,8760.0,9210.0,63600
2018-07-04,8800.0,9640.0,8800.0,9210.0,27770
2018-07-05,9500.0,9500.0,8950.0,9060.0,42730
2018-07-06,9210.0,9450.0,8950.0,9410.0,126260
2018-07-09,9410.0,9550.0,9350.0,9350.0,33660
2018-07-10,9500.0,9500.0,9060.0,9470.0,87550
2018-07-11,9380.0,9380.0,9060.0,9090.0,69750
2018-07-12,9350.0,9350.0,9210.0,9210.0,3010
2018-07-13,9350.0,9350.0,9210.0,9210.0,16510
2018-07-16,9270.0,9270.0,9120.0,9120.0,35930
2018-07-17,9350.0,9350.0,9020.0,9180.0,36370
2018-07-18,9160.0,9210.0,9060.0,9190.0,10260
2018-07-19,9180.0,9320.0,9180.0,9320.0,52480
2018-07-20,9240.0,9310.0,9210.0,9310.0,11220
2018-07-23,9290.0,9310.0,9180.0,9290.0,21700
2018-07-24,9350.0,9350.0,9210.0,9240.0,15860
2018-07-25,9350.0,9440.0,9180.0,9320.0,51940
2018-07-26,9380.0,9410.0,9210.0,9320.0,37820
2018-07-27,9380.0,9390.0,9190.0,9350.0,44770
2018-07-30,9350.0,9350.0,9180.0,9290.0,31900
2018-07-31,9640.0,9640.0,9240.0,9380.0,85810
2018-08-01,9500.0,9500.0,9210.0,9210.0,45090
2018-08-02,9320.0,9320.0,9140.0,9180.0,14200
2018-08-03,9180.0,9290.0,9060.0,9060.0,18660
2018-08-06,9220.0,9220.0,8980.0,8990.0,18590
2018-08-07,8990.0,8990.0,8630.0,8890.0,77970
2018-08-08,9230.0,9330.0,8770.0,8900.0,154370
2018-08-09,9100.0,9100.0,8700.0,8870.0,72760
2018-08-10,9260.0,9260.0,8440.0,8770.0,65020
2018-08-13,8440.0,8870.0,8440.0,8600.0,7840
2018-08-14,8700.0,8700.0,8270.0,8270.0,148700
2018-08-15,8520.0,8520.0,8210.0,8210.0,141940
2018-08-16,8540.0,8540.0,8220.0,8500.0,52060
2018-08-17,8600.0,8670.0,8170.0,8270.0,80050
2018-08-20,8270.0,8270.0,8220.0,8270.0,121940
2018-08-21,8390.0,8390.0,8210.0,8240.0,42640
2018-08-22,8340.0,8340.0,8240.0,8310.0,46790
2018-08-23,8370.0,8370.0,8240.0,8240.0,26560
2018-08-24,8240.0,8600.0,8240.0,8440.0,269990
2018-08-27,8540.0,8540.0,8270.0,8310.0,138860
2018-08-28,8290.0,8540.0,8260.0,8310.0,62130
2018-08-29,8270.0,8310.0,8220.0,8240.0,57080
2018-08-30,8240.0,8310.0,8220.0,8220.0,88600
2018-08-31,8340.0,8350.0,8240.0,8310.0,150690
2018-09-04,8340.0,8340.0,8240.0,8270.0,36620
2018-09-05,8240.0,8260.0,8140.000000000001,8220.0,97940
2018-09-06,8160.0,8240.0,8140.000000000001,8170.0,66790
2018-09-07,8119.999999999999,8400.0,8119.999999999999,8310.0,162870
2018-09-10,8290.0,8310.0,8210.0,8270.0,119920
2018-09-11,8240.0,8310.0,8140.000000000001,8310.0,95760
2018-09-12,8340.0,8340.0,8270.0,8270.0,72470
2018-09-13,8260.0,8700.0,8240.0,8550.0,486360
2018-09-14,8600.0,8700.0,8540.0,8650.0,185670
2018-09-17,8820.0,8830.0,8540.0,8700.0,135880
2018-09-18,8700.0,9030.0,8500.0,8930.0,466120
2018-09-19,8930.0,9360.0,8870.0,9260.0,457390
2018-09-20,9130.0,9530.0,9100.0,9360.0,263020
2018-09-21,9430.0,9430.0,9100.0,9260.0,237840
2018-09-24,9410.0,9410.0,9230.0,9260.0,181670
2018-09-25,9400.0,9400.0,9130.0,9260.0,231610
2018-09-26,9260.0,9630.0,9260.0,9530.0,416520
2018-09-27,9530.0,9650.0,9400.0,9430.0,126910
2018-09-28,9430.0,9550.0,9400.0,9430.0,142460
2018-10-01,9260.0,9400.0,9260.0,9310.0,179830
2018-10-02,9220.0,9330.0,9130.0,9170.0,145810
2018-10-03,9170.0,9260.0,8870.0,8930.0,415590
2018-10-04,9000.0,9170.0,8920.0,8930.0,256640
2018-10-05,9100.0,9100.0,8930.0,8970.0,261240
2018-10-08,8930.0,9000.0,8830.0,8930.0,129880
2018-10-09,8850.0,8930.0,8770.0,8770.0,106980
2018-10-10,8800.0,8800.0,8640.0,8800.0,79510
2018-10-11,8600.0,8750.0,8290.0,8310.0,234210
2018-10-12,8270.0,8740.0,8270.0,8740.0,165630
2018-10-15,8500.0,8740.0,8500.0,8590.0,32990
2018-10-16,8590.0,8700.0,8540.0,8600.0,96160
2018-10-17,8770.0,8770.0,8640.0,8670.0,120590
2018-10-18,8640.0,8670.0,8520.0,8540.0,109060
2018-10-19,8540.0,8540.0,8270.0,8400.0,632000
2018-10-22,8400.0,8400.0,8310.0,8400.0,256420
2018-10-23,8340.0,8390.0,8240.0,8270.0,491030
2018-10-24,8270.0,8390.0,8240.0,8270.0,355260
2018-10-25,8170.0,8240.0,8109.999999999999,8210.0,141820
2018-10-26,8270.0,8310.0,8109.999999999999,8109.999999999999,154710
2018-10-29,8109.999999999999,8109.999999999999,7810.0,7810.0,225750
2018-10-30,7940.0,7940.0,7280.0,7580.0,666730
2018-10-31,7680.0,7860.0,7380.0,7760.0,501250
2018-11-01,7610.0,7780.0,7610.0,7610.0,208890
2018-11-02,7610.0,7730.0,7440.0,7480.0,407360
2018-11-05,7440.0,7740.0,7410.0,7610.0,226680
2018-11-06,7740.0,7940.0,7680.0,7910.0,264050
2018-11-07,7940.0,8010.0,7780.0,7780.0,325210
2018-11-08,7890.0,7990.0,7760.0,7840.0,243180
2018-11-09,7760.0,7760.0,7560.0,7610.0,236780
2018-11-12,7490.0,7590.0,7380.0,7440.0,248720
2018-11-13,7350.0,7510.0,7280.0,7280.0,357690
2018-11-14,7280.0,7380.0,7110.0,7110.0,142830
2018-11-15,7110.0,7210.0,6820.0,6820.0,371670
2018-11-16,6820.0,7280.0,6820.0,6920.0,324970
2018-11-19,7200.0,7200.0,6950.0,6980.0,210900
2018-11-20,6930.0,7250.0,6880.0,7200.0,300560
2018-11-21,6980.0,7250.0,6980.0,7250.0,233800
2018-11-22,7280.0,7380.0,7050.0,7050.0,306800
2018-11-23,7050.0,7080.0,6970.0,6970.0,82760
2018-11-26,6930.0,7130.0,6930.0,7050.0,172700
2018-11-27,7050.0,7210.0,7050.0,7130.0,314190
2018-11-28,7180.0,7250.0,7130.0,7180.0,139560
2018-11-29,7250.0,7480.0,7210.0,7410.0,342330
2018-11-30,7410.0,7440.0,7350.0,7440.0,302880
2018-12-03,7540.0,7810.0,7460.0,7780.0,318660
2018-12-04,7780.0,7860.0,7640.0,7780.0,269870
2018-12-05,7610.0,7830.0,7580.0,7680.0,282660
2018-12-06,7680.0,7810.0,7610.0,7710.0,241590
2018-12-07,7710.0,7780.0,7640.0,7740.0,247060
2018-12-10,7640.0,7760.0,7540.0,7580.0,196000
2018-12-11,7580.0,7610.0,7480.0,7580.0,220720
2018-12-12,7580.0,7780.0,7480.0,7730.0,263700
2018-12-13,7730.0,7780.0,7710.0,7740.0,266970
2018-12-14,7660.0,7780.0,7660.0,7740.0,118450
2018-12-17,7610.0,7680.0,7580.0,7640.0,176970
2018-12-18,7510.0,7680.0,7510.0,7680.0,249490
2018-12-19,7610.0,7680.0,7580.0,7680.0,105990
2018-12-20,7740.0,7810.0,7610.0,7810.0,101110
2018-12-21,7810.0,8109.999999999999,7740.0,8109.999999999999,567470
2018-12-24,8189.999999999999,8189.999999999999,7970.0,8020.0,272630
2018-12-25,7780.0,7940.0,7610.0,7940.0,226250
2018-12-26,7970.0,8090.0,7910.0,8090.0,301410
2018-12-27,8160.0,8170.0,7940.0,8119.999999999999,278680
2018-12-28,8119.999999999999,8210.0,8010.0,8210.0,762740
2019-01-02,8210.0,8210.0,7860.0,7920.0,100400
2019-01-03,7970.0,7970.0,7410.0,7410.0,171660
2019-01-04,7410.0,7510.0,6980.0,7480.0,108730
2019-01-07,7560.0,7840.0,7480.0,7480.0,30030
2019-01-08,7480.0,7480.0,7400.0,7440.0,59080
2019-01-09,7440.0,7540.0,7410.0,7440.0,46110
2019-01-10,7440.0,7490.0,7380.0,7380.0,13750
2019-01-11,7440.0,7660.0,7440.0,7540.0,95330
2019-01-14,7540.0,7610.0,7510.0,7610.0,45310
2019-01-15,7610.0,7910.0,7440.0,7910.0,225900
2019-01-16,7940.0,7940.0,7830.0,7840.0,41850
2019-01-17,7920.0,7920.0,7760.0,7790.0,40080
2019-01-18,7810.0,7810.0,7710.0,7780.0,94520
2019-01-21,7780.0,7810.0,7610.0,7810.0,152200
2019-01-22,7840.0,7840.0,7590.0,7610.0,100150
2019-01-23,7540.0,7660.0,7540.0,7610.0,117080
2019-01-24,7580.0,7710.0,7580.0,7660.0,53150
2019-01-25,7730.0,7730.0,7610.0,7660.0,79040
2019-01-28,7710.0,7740.0,7660.0,7730.0,104170
2019-01-29,7640.0,7730.0,7610.0,7710.0,67800
2019-01-30,7740.0,7880.0,7710.0,7760.0,54920
2019-01-31,7780.0,8010.0,7780.0,7970.0,378410
2019-02-01,7970.0,8270.0,7970.0,8240.0,234270
2019-02-11,8240.0,8270.0,7940.0,8039.999999999999,79000
2019-02-12,8010.0,8170.0,7940.0,8039.999999999999,164840
2019-02-13,7970.0,8140.000000000001,7970.0,8140.000000000001,92540
2019-02-14,8160.0,8210.0,8070.0,8090.0,172610
2019-02-15,8119.999999999999,8119.999999999999,7960.0,8109.999999999999,106080
2019-02-18,8240.0,8340.0,8140.000000000001,8220.0,241310
2019-02-19,8220.0,8270.0,8060.000000000001,8060.000000000001,216540
2019-02-20,8039.999999999999,8109.999999999999,7960.0,8070.0,88740
2019-02-21,8070.0,8070.0,7840.0,7840.0,265530
2019-02-22,7810.0,7810.0,7630.0,7630.0,205940
2019-02-25,7810.0,7810.0,7630.0,7630.0,81780
2019-02-26,7630.0,7940.0,7630.0,7940.0,230490
2019-02-27,7940.0,7940.0,7780.0,7910.0,69090
2019-02-28,7860.0,7910.0,7830.0,7880.0,156270
2019-03-01,7880.0,7910.0,7840.0,7910.0,51620
2019-03-04,7940.0,7990.0,7910.0,7940.0,92260
2019-03-05,7940.0,7940.0,7810.0,7810.0,48380
2019-03-06,7940.0,7960.0,7840.0,7940.0,96430
2019-03-07,7940.0,8020.0,7860.0,7880.0,132930
2019-03-08,7740.0,7920.0,7740.0,7830.0,35030
2019-03-11,7790.0,7910.0,7780.0,7880.0,36240
2019-03-12,7970.0,7970.0,7780.0,7940.0,235910
2019-03-13,7940.0,7940.0,7860.0,7860.0,149320
2019-03-14,7880.0,8270.0,7860.0,8070.0,475210
2019-03-15,8010.0,8220.0,8010.0,8119.999999999999,234650
2019-03-18,8170.0,8420.0,8119.999999999999,8290.0,340640
2019-03-19,8290.0,8420.0,7970.0,8210.0,368610
2019-03-20,8140.000000000001,8270.0,8010.0,8140.000000000001,281440
2019-03-21,8270.0,8270.0,8070.0,8070.0,112900
2019-03-22,8170.0,8170.0,7910.0,7910.0,196210
2019-03-25,7780.0,7780.0,7480.0,7540.0,265620
2019-03-26,7540.0,7840.0,7510.0,7540.0,121670
2019-03-27,7580.0,7680.0,7540.0,7590.0,86800
2019-03-28,7740.0,7740.0,7580.0,7590.0,50990
2019-03-29,7640.0,8010.0,7640.0,7780.0,380340
2019-04-01,7840.0,7840.0,7710.0,7710.0,48570
2019-04-02,7710.0,7970.0,7710.0,7840.0,182070
2019-04-03,7990.0,7990.0,7780.0,7940.0,113710
2019-04-04,8010.0,8010.0,7880.0,7880.0,60190
2019-04-05,7880.0,7940.0,7880.0,7920.0,83660
2019-04-08,7910.0,7940.0,7840.0,7920.0,69600
2019-04-09,7940.0,7970.0,7860.0,7910.0,139830
2019-04-10,7860.0,7890.0,7710.0,7780.0,82400
2019-04-11,7940.0,7940.0,7810.0,7830.0,56400
2019-04-12,7840.0,7940.0,7830.0,7880.0,245860
2019-04-16,7970.0,7970.0,7810.0,7840.0,92780
2019-04-17,7920.0,7920.0,7810.0,7810.0,91660
2019-04-18,7810.0,7860.0,7780.0,7790.0,66670
2019-04-19,7910.0,7910.0,7780.0,7780.0,84600
2019-04-22,7780.0,7780.0,7610.0,7630.0,92810
2019-04-23,7760.0,7780.0,7610.0,7640.0,81940
2019-04-24,7680.0,7890.0,7640.0,7840.0,127990
2019-04-25,7940.0,7940.0,7780.0,7840.0,5360
2019-04-26,7890.0,7890.0,7780.0,7860.0,27180
2019-05-02,7840.0,7880.0,7830.0,7840.0,89010
2019-05-03,7710.0,7840.0,7710.0,7840.0,39760
2019-05-06,7680.0,7780.0,7680.0,7760.0,52360
2019-05-07,7760.0,7780.0,7680.0,7680.0,26120
2019-05-08,7680.0,7940.0,7610.0,7690.0,39430
2019-05-09,7680.0,7760.0,7540.0,7760.0,108760
2019-05-10,7580.0,7760.0,7580.0,7680.0,8400
2019-05-13,7680.0,7680.0,7610.0,7610.0,38680
2019-05-14,7530.0,7730.0,7530.0,7610.0,32130
2019-05-15,7680.0,7780.0,7540.0,7640.0,66320
2019-05-16,7580.0,7680.0,7540.0,7590.0,26220
2019-05-17,7590.0,7610.0,7590.0,7590.0,61760
2019-05-20,7540.0,7610.0,7530.0,7610.0,75870
2019-05-21,7610.0,7970.0,7580.0,7920.0,386680
2019-05-22,7890.0,8010.0,7880.0,7920.0,186970
2019-05-23,7910.0,8109.999999999999,7860.0,7970.0,458250
2019-05-24,8060.000000000001,8060.000000000001,7910.0,7920.0,252090
2019-05-27,7940.0,7940.0,7780.0,7860.0,47480
2019-05-28,7840.0,7880.0,7810.0,7860.0,3910
2019-05-29,7830.0,7830.0,7740.0,7740.0,38230
2019-05-30,7680.0,7830.0,7680.0,7830.0,96070
2019-05-31,7690.0,7830.0,7540.0,7540.0,207290
2019-06-03,7540.0,7730.0,7540.0,7580.0,58690
2019-06-04,7580.0,7740.0,7580.0,7660.0,35410
2019-06-05,7610.0,7780.0,7610.0,7690.0,94490
2019-06-06,7810.0,7810.0,7640.0,7640.0,20340
2019-06-07,7640.0,7680.0,7640.0,7680.0,37220
2019-06-10,7780.0,7780.0,7580.0,7680.0,109540
2019-06-11,7710.0,7710.0,7590.0,7610.0,25120
2019-06-12,7610.0,7760.0,7580.0,7710.0,100270
2019-06-13,7780.0,7780.0,7610.0,7740.0,26080
2019-06-14,7740.0,7740.0,7680.0,7730.0,20560
2019-06-17,7740.0,7880.0,7610.0,7780.0,125590
2019-06-18,7780.0,7910.0,7630.0,7690.0,230850
2019-06-19,7940.0,7940.0,7700.0,7700.0,124230
2019-06-20,7740.0,7740.0,7680.0,7700.0,88690
2019-06-21,7660.0,7780.0,7660.0,7660.0,112550
2019-06-24,7780.0,7780.0,7540.0,7620.0,86830
2019-06-25,7620.0,7620.0,7500.0,7560.0,45040
2019-06-26,7600.0,7660.0,7540.0,7540.0,76990
2019-06-27,7600.0,7620.0,7450.0,7450.0,13400
2019-06-28,7540.0,7580.0,7270.0,7270.0,49990
2019-07-01,7270.0,7540.0,7270.0,7430.0,68780
2019-07-02,7350.0,7500.0,7190.0,7310.0,47810
2019-07-03,7430.0,7470.0,7390.0,7430.0,29870
2019-07-04,7520.0,7520.0,7410.0,7470.0,65480
2019-07-05,7490.0,7500.0,7430.0,7430.0,58720
2019-07-08,7430.0,7430.0,7270.0,7330.0,17740
2019-07-09,7350.0,7450.0,7310.0,7430.0,65320
2019-07-10,7470.0,7470.0,7270.0,7310.0,71590
2019-07-11,7410.0,7410.0,7230.0,7350.0,170540
2019-07-12,7310.0,7540.0,7190.0,7190.0,144910
2019-07-15,7470.0,7470.0,7250.0,7310.0,97550
2019-07-16,7330.0,7430.0,7190.0,7270.0,111740
2019-07-17,7270.0,7270.0,7130.0,7130.0,124020
2019-07-18,7150.0,7150.0,6950.0,7150.0,67300
2019-07-19,7150.0,7230.0,7070.0,7150.0,135910
2019-07-22,7230.0,7230.0,6950.0,6990.0,82380
2019-07-23,7110.0,7150.0,6990.0,7150.0,46240
2019-07-24,7150.0,7150.0,6990.0,7130.0,42750
2019-07-25,7130.0,7130.0,7070.0,7070.0,37300
2019-07-26,7110.0,7110.0,7030.0,7070.0,14570
2019-07-29,7150.0,7150.0,6850.0,6850.0,84770
2019-07-30,6850.0,6870.0,6750.0,6750.0,149040
2019-07-31,6750.0,6750.0,6550.0,6610.0,128080
2019-08-01,6650.0,6750.0,6590.0,6610.0,69190
2019-08-02,6630.0,6630.0,6550.0,6570.0,185240
2019-08-05,6570.0,6690.0,6570.0,6670.0,540570
2019-08-06,6630.0,6630.0,6430.0,6430.0,444820
2019-08-07,6430.0,6430.0,6230.0,6230.0,314990
2019-08-08,6310.0,6510.0,6150.0,6350.0,395220
2019-08-09,6490.0,6750.0,6470.0,6650.0,370630
2019-08-12,6650.0,6670.0,6570.0,6670.0,129110
2019-08-13,6630.0,6690.0,6350.0,6450.0,213270
2019-08-14,6470.0,6570.0,6350.0,6550.0,242890
2019-08-15,6350.0,6570.0,6350.0,6530.0,71900
2019-08-16,6430.0,6990.0,6430.0,6930.0,763770
2019-08-19,7110.0,7190.0,6930.0,6990.0,212520
2019-08-20,6950.0,7130.0,6950.0,7090.0,227310
2019-08-21,6970.0,7350.0,6970.0,7210.0,410810
2019-08-22,7230.0,7470.0,7230.0,7430.0,583510
2019-08-23,7470.0,7490.0,7210.0,7210.0,476130
2019-08-26,7150.0,7370.0,7070.0,7210.0,222030
2019-08-27,7350.0,7350.0,7110.0,7110.0,431970
2019-08-28,7110.0,7350.0,6970.0,7110.0,168310
2019-08-29,7070.0,7110.0,6970.0,6970.0,248820
2019-08-30,6970.0,7270.0,6970.0,7190.0,244190
2019-09-03,7190.0,7230.0,7110.0,7110.0,119870
2019-09-04,7110.0,7190.0,7070.0,7150.0,217110
2019-09-05,7270.0,7520.0,7190.0,7470.0,347890
2019-09-06,7470.0,7720.0,7470.0,7660.0,513240
2019-09-09,7700.0,7740.0,7660.0,7680.0,178830
2019-09-10,7720.0,8000.0,7660.0,7880.0,904510
2019-09-11,7940.0,8119.999999999999,7820.0,8080.0,526200
2019-09-12,8140.000000000001,8520.0,8100.0,8380.0,902860
2019-09-13,8380.0,8620.0,8380.0,8380.0,609630
2019-09-16,8280.0,8540.0,8180.0,8500.0,363400
2019-09-17,8580.0,8580.0,8340.0,8400.0,180790
2019-09-18,8400.0,8420.0,8119.999999999999,8340.0,243550
2019-09-19,8180.0,8500.0,8180.0,8340.0,356440
2019-09-20,8340.0,8360.0,8220.0,8260.0,226470
2019-09-23,8260.0,8260.0,8140.000000000001,8140.000000000001,151500
2019-09-24,8140.000000000001,8140.000000000001,7940.0,7940.0,227350
2019-09-25,8020.0,8280.0,8000.0,8160.0,277570
2019-09-26,8240.0,8500.0,8160.0,8480.0,416300
2019-09-27,8480.0,8500.0,8240.0,8300.0,505070
2019-09-30,8300.0,8300.0,7980.0,8000.0,406150
2019-10-01,8000.0,8180.0,7940.0,8100.0,127340
2019-10-02,8180.0,8180.0,7980.0,8080.0,283300
2019-10-03,8060.000000000001,8100.0,7940.0,8039.999999999999,152930
2019-10-04,8020.0,8180.0,7740.0,7820.0,207660
2019-10-07,7800.0,7940.0,7660.0,7940.0,219630
2019-10-08,7860.0,8020.0,7820.0,7820.0,108020
2019-10-09,7820.0,7900.0,7740.0,7740.0,104480
2019-10-10,7740.0,7820.0,7560.0,7740.0,199990
2019-10-11,7780.0,7780.0,7640.0,7740.0,136690
2019-10-14,7820.0,7940.0,7700.0,7740.0,152000
2019-10-15,7740.0,8060.000000000001,7740.0,7900.0,159630
2019-10-16,8020.0,8020.0,7740.0,7780.0,125700
2019-10-17,7760.0,7860.0,7700.0,7740.0,126330
2019-10-18,7680.0,7720.0,7640.0,7640.0,65460
2019-10-21,7660.0,7660.0,7500.0,7540.0,134080
2019-10-22,7600.0,7600.0,7470.0,7540.0,78510
2019-10-23,7540.0,7580.0,7350.0,7390.0,121960
2019-10-24,7410.0,7620.0,7390.0,7620.0,61490
2019-10-25,7580.0,7640.0,7540.0,7540.0,39150
2019-10-28,7580.0,7760.0,7560.0,7700.0,290190
2019-10-29,7780.0,7880.0,7780.0,7800.0,422480
2019-10-30,7860.0,7860.0,7700.0,7720.0,80090
2019-10-31,7720.0,7720.0,7620.0,7620.0,112590
2019-11-01,7620.0,7640.0,7390.0,7500.0,314830
2019-11-04,7500.0,7500.0,7390.0,7430.0,142410
2019-11-05,7430.0,7620.0,7350.0,7410.0,85080
2019-11-06,7390.0,7540.0,7230.0,7520.0,135270
2019-11-07,7540.0,7700.0,7470.0,7540.0,107380
2019-11-08,7540.0,7640.0,7540.0,7580.0,187590
2019-11-11,7540.0,7600.0,7150.0,7600.0,184410
2019-11-12,7540.0,7660.0,7540.0,7660.0,153430
2019-11-13,7660.0,8060.000000000001,7660.0,8060.000000000001,943780
2019-11-14,8060.000000000001,8100.0,7940.0,7940.0,317770
2019-11-15,7940.0,8060.000000000001,7900.0,7940.0,269080
2019-11-18,7940.0,8000.0,7660.0,7660.0,417000
2019-11-19,7680.0,7760.0,7580.0,7580.0,386260
2019-11-20,7580.0,7600.0,7490.0,7500.0,287160
2019-11-21,7470.0,7620.0,7430.0,7500.0,163980
2019-11-22,7500.0,7580.0,7330.0,7390.0,316930
2019-11-25,7350.0,7430.0,7270.0,7270.0,196330
2019-11-26,7350.0,7430.0,7290.0,7330.0,180360
2019-11-27,7430.0,7430.0,7270.0,7290.0,83290
2019-11-28,7290.0,7330.0,7190.0,7230.0,156280
2019-11-29,7210.0,7270.0,7150.0,7230.0,120050
2019-12-02,7230.0,7270.0,6950.0,6950.0,176800
2019-12-03,6990.0,7070.0,6910.0,7010.0,153640
2019-12-04,7110.0,7310.0,7010.0,7310.0,181540
2019-12-05,7230.0,7330.0,7150.0,7170.0,45250
2019-12-06,7230.0,7250.0,7150.0,7250.0,269840
2019-12-09,7170.0,7250.0,7150.0,7170.0,49680
2019-12-10,7190.0,7190.0,7070.0,7070.0,59720
2019-12-11,7110.0,7110.0,6990.0,7010.0,107880
2019-12-12,7070.0,7170.0,7030.0,7070.0,212120
2019-12-13,7110.0,7130.0,7030.0,7030.0,268380
2019-12-16,7030.0,7030.0,6870.0,6950.0,357090
2019-12-17,6890.0,7050.0,6830.0,6890.0,361390
2019-12-18,6930.0,6950.0,6750.0,6870.0,235390
2019-12-19,6890.0,7070.0,6870.0,6950.0,89000
2019-12-20,6950.0,7130.0,6950.0,7110.0,67000
2019-12-23,7110.0,7110.0,6950.0,6950.0,85870
2019-12-24,6950.0,6950.0,6910.0,6930.0,16550
2019-12-25,6930.0,7070.0,6910.0,6970.0,51670
2019-12-26,6890.0,6950.0,6870.0,6910.0,63870
2019-12-27,6950.0,7030.0,6930.0,6990.0,65380
2019-12-30,6990.0,7090.0,6990.0,7030.0,153080
2019-12-31,7030.0,7030.0,6930.0,6950.0,18680
2020-01-02,6950.0,7090.0,6910.0,7090.0,114650
2020-01-03,7090.0,7090.0,6950.0,6990.0,141110
2020-01-06,6990.0,6990.0,6870.0,6870.0,109560
2020-01-07,6870.0,6950.0,6830.0,6910.0,76170
2020-01-08,6870.0,6870.0,6690.0,6750.0,201300
2020-01-09,6750.0,6870.0,6750.0,6830.0,108180
2020-01-10,6830.0,7030.0,6830.0,7030.0,96210
2020-01-13,7070.0,7090.0,7030.0,7090.0,115370
2020-01-14,7150.0,7270.0,7010.0,7110.0,77660
2020-01-15,7110.0,7110.0,6930.0,6930.0,215660
2020-01-16,6950.0,7030.0,6890.0,6950.0,118800
2020-01-17,6990.0,6990.0,6830.0,6990.0,94810
2020-01-20,6990.0,7090.0,6950.0,7090.0,69820
2020-01-21,7110.0,7370.0,7070.0,7270.0,305210
2020-01-22,7430.0,7430.0,7250.0,7290.0,145670
2020-01-30,7250.0,7250.0,6990.0,7070.0,86440
2020-01-31,7130.0,7130.0,6670.0,6670.0,207960
2020-02-03,6630.0,6630.0,6210.0,6210.0,604010
2020-02-04,6210.0,6350.0,5840.0,5880.0,518670
2020-02-05,5880.0,6150.0,5720.0,5720.0,615330
2020-02-06,5760.0,5980.0,5760.0,5900.0,836030
2020-02-07,5900.0,6120.0,5900.0,6020.0,375830
2020-02-10,5960.0,6000.0,5880.0,5960.0,245560
2020-02-11,5960.0,5960.0,5820.0,5820.0,557840
2020-02-12,5840.0,6210.0,5840.0,6210.0,1169930
2020-02-13,6210.0,6350.0,6120.0,6210.0,443430
2020-02-14,6270.0,6270.0,6150.0,6170.0,434680
2020-02-17,6150.0,6370.0,6120.0,6190.0,478240
2020-02-18,6270.0,6410.0,6210.0,6370.0,626800
2020-02-19,6390.0,6390.0,6290.0,6310.0,202990
2020-02-20,6410.0,6410.0,6210.0,6270.0,432400
2020-02-21,6250.0,6290.0,6120.0,6150.0,1173150
2020-02-24,6080.0,6080.0,5860.0,5860.0,508070
2020-02-25,5600.0,5860.0,5600.0,5800.0,726440
2020-02-26,5800.0,5920.0,5760.0,5820.0,837610
2020-02-27,5820.0,5940.0,5760.0,5760.0,666880
2020-02-28,5720.0,5720.0,5580.0,5700.0,746100
2020-03-02,5700.0,5760.0,5600.0,5640.0,691280
2020-03-03,5640.0,5880.0,5640.0,5820.0,279470
2020-03-04,5800.0,5960.0,5680.0,5960.0,336270
2020-03-05,6080.0,6150.0,5980.0,6020.0,558820
2020-03-06,5960.0,5960.0,5840.0,5900.0,225700
2020-03-09,5520.0,5720.0,5500.0,5500.0,553800
2020-03-10,5480.0,5560.0,5340.0,5500.0,285280
2020-03-11,5500.0,5560.0,5240.0,5320.0,411730
2020-03-12,5100.0,5160.0,4960.0,4960.0,796680
2020-03-13,4630.0,4730.0,4630.0,4650.0,1246350
2020-03-16,4630.0,4750.0,4610.0,4650.0,325680
2020-03-17,4450.0,4650.0,4410.0,4650.0,448750
2020-03-18,4670.0,4730.0,4590.0,4650.0,480910
2020-03-19,4610.0,4650.0,4530.0,4590.0,1072830
2020-03-20,4650.0,4650.0,4490.0,4630.0,300610
2020-03-23,4570.0,4570.0,4310.0,4310.0,654930
2020-03-24,4530.0,4530.0,4250.0,4390.0,319500
2020-03-25,4530.0,4590.0,4390.0,4530.0,177580
2020-03-26,4530.0,4530.0,4330.0,4410.0,255150
2020-03-27,4410.0,4450.0,4310.0,4370.0,184000
2020-03-30,4370.0,4370.0,4090.0,4150.0,153330
2020-03-31,4130.0,4290.0,3970.0,4010.0,365250
2020-04-01,4070.000000000001,4170.0,4070.000000000001,4170.0,143120
2020-04-03,4250.0,4450.0,4210.0,4430.0,349570
2020-04-06,4550.0,4730.0,4530.0,4690.0,391390
2020-04-07,4760.0,4760.0,4570.0,4690.0,211990
2020-04-08,4570.0,4690.0,4510.0,4610.0,248780
2020-04-09,4730.0,4920.0,4610.0,4920.0,606720
2020-04-10,5080.0,5120.0,4920.0,4980.0,705910
2020-04-13,4980.0,5240.0,4980.0,5220.0,761590
2020-04-14,5220.0,5240.0,5060.0,5160.0,696770
2020-04-15,5240.0,5400.0,5180.0,5380.0,725070
2020-04-16,5240.0,5440.0,5240.0,5360.0,245690
2020-04-17,5440.0,5640.0,5440.0,5540.0,612310
2020-04-20,5900.0,5900.0,5580.0,5700.0,901540
2020-04-21,5640.0,5700.0,5400.0,5600.0,1080760
2020-04-22,5440.0,5600.0,5440.0,5560.0,565370
2020-04-23,5680.0,5720.0,5440.0,5500.0,246000
2020-04-24,5600.0,5600.0,5500.0,5560.0,282990
2020-04-27,5560.0,5720.0,5560.0,5680.0,354940
2020-04-28,5760.0,5760.0,5600.0,5680.0,160830
2020-04-29,5660.0,5720.0,5560.0,5600.0,181480
2020-05-04,5600.0,5720.0,5560.0,5640.0,412500
2020-05-05,5640.0,5720.0,5600.0,5620.0,168390
2020-05-06,5640.0,6000.0,5640.0,6000.0,964100
2020-05-07,6410.0,6410.0,6150.0,6410.0,1612260
2020-05-08,6350.0,6750.0,6290.0,6750.0,1169570
2020-05-11,6590.0,6790.0,6410.0,6630.0,1120310
2020-05-12,6510.0,6630.0,6430.0,6590.0,522640
2020-05-13,6630.0,6890.0,6470.0,6750.0,831140
2020-05-14,6630.0,6790.0,6630.0,6710.0,379940
2020-05-15,6710.0,6910.0,6630.0,6790.0,803410
2020-05-18,6870.0,6990.0,6710.0,6950.0,601740
2020-05-19,6950.0,6990.0,6750.0,6790.0,608140
2020-05-20,6750.0,6870.0,6750.0,6790.0,260460
2020-05-21,6790.0,6830.0,6590.0,6670.0,515100
2020-05-22,6670.0,6750.0,6650.0,6670.0,720070
2020-05-25,6670.0,6710.0,6590.0,6710.0,394950
2020-05-26,6950.0,7030.0,6870.0,6970.0,1129300
2020-05-27,7070.0,7070.0,6830.0,6830.0,577340
2020-05-28,6830.0,6950.0,6750.0,6830.0,774470
2020-05-29,6830.0,7030.0,6810.0,6870.0,774130
2020-06-01,6870.0,6990.0,6870.0,6990.0,515080
2020-06-02,7110.0,7350.0,6990.0,7150.0,1354500
2020-06-03,7230.0,7310.0,7070.0,7070.0,535100
2020-06-04,7150.0,7290.0,7150.0,7230.0,441530
2020-06-05,7230.0,7250.0,7150.0,7190.0,463250
2020-06-08,7230.0,7230.0,7110.0,7150.0,1039690
2020-06-09,7150.0,7190.0,7030.0,7030.0,448740
2020-06-10,7030.0,7190.0,6950.0,7170.0,551300
2020-06-11,7150.0,7390.0,6950.0,6950.0,881980
2020-06-12,6550.0,6990.0,6550.0,6990.0,575940
2020-06-15,7030.0,7050.0,6670.0,6670.0,790350
2020-06-16,6750.0,6850.0,6650.0,6850.0,297420
2020-06-17,6950.0,6950.0,6710.0,6830.0,152340
2020-06-18,6750.0,6870.0,6710.0,6730.0,81670
2020-06-19,6750.0,6830.0,6730.0,6810.0,153850
2020-06-22,7030.0,7230.0,6870.0,7030.0,496020
2020-06-23,7150.0,7150.0,6950.0,7050.0,211510
2020-06-24,7030.0,7090.0,6890.0,6890.0,191510
2020-06-25,6890.0,6910.0,6750.0,6890.0,77560
2020-06-26,6910.0,6950.0,6750.0,6870.0,232030
2020-06-29,6870.0,6870.0,6430.0,6670.0,347140
2020-06-30,6670.0,6830.0,6610.0,6650.0,191870
2020-07-01,6550.0,6810.0,6550.0,6790.0,161770
2020-07-02,6870.0,6870.0,6710.0,6730.0,147990
2020-07-03,6870.0,6870.0,6730.0,6790.0,197690
2020-07-06,6830.0,6870.0,6730.0,6750.0,113630
2020-07-07,6750.0,6930.0,6750.0,6890.0,315340
2020-07-08,6890.0,6930.0,6850.0,6910.0,140400
2020-07-09,6910.0,7190.0,6870.0,7130.0,822010
2020-07-10,7110.0,7170.0,7030.0,7130.0,367470
2020-07-13,7130.0,7290.0,7090.0,7130.0,483560
2020-07-14,7110.0,7210.0,7090.0,7210.0,200130
2020-07-15,7250.0,7700.0,7230.0,7700.0,2710320
2020-07-16,7700.0,7920.0,7700.0,7700.0,462250
2020-07-17,7660.0,7760.0,7470.0,7720.0,386160
2020-07-20,7720.0,7740.0,7470.0,7470.0,1082800
2020-07-21,7390.0,7620.0,7390.0,7620.0,754960
2020-07-22,7620.0,7700.0,7430.0,7450.0,375030
2020-07-23,7450.0,7500.0,7230.0,7350.0,430850
2020-07-24,7310.0,7310.0,6850.0,7030.0,1615380
2020-07-27,6670.0,6950.0,6570.0,6590.0,1109170
2020-07-28,6590.0,6910.0,6590.0,6910.0,460430
2020-07-29,6710.0,6730.0,6430.0,6550.0,827820
2020-07-30,6550.0,6790.0,6550.0,6790.0,286200
2020-07-31,6430.0,6890.0,6430.0,6750.0,302580
2020-08-03,6750.0,6970.0,6730.0,6950.0,241300
2020-08-04,6950.0,7110.0,6950.0,7070.0,275340
2020-08-05,7150.0,7150.0,7030.0,7110.0,239720
2020-08-06,7110.0,7110.0,7010.0,7050.0,201070
2020-08-07,7050.0,7050.0,6930.0,6950.0,316380
2020-08-10,6890.0,7090.0,6890.0,6990.0,282950
2020-08-11,7070.0,7070.0,6950.0,7030.0,132250
2020-08-12,7030.0,7330.0,6990.0,7330.0,316820
2020-08-13,7500.0,7520.0,7270.0,7500.0,405970
2020-08-14,7500.0,7500.0,7350.0,7450.0,455200
2020-08-17,7450.0,7450.0,7230.0,7350.0,283760
2020-08-18,7350.0,7390.0,7310.0,7350.0,156920
2020-08-19,7350.0,7450.0,7350.0,7410.0,170220
2020-08-20,7410.0,7430.0,7310.0,7370.0,308560
2020-08-21,7310.0,7580.0,7310.0,7490.0,630360
2020-08-24,7620.0,7700.0,7540.0,7660.0,634080
2020-08-25,7740.0,7740.0,7640.0,7640.0,361950
2020-08-26,7640.0,7660.0,7580.0,7620.0,249670
2020-08-27,7620.0,7860.0,7620.0,7740.0,834900
2020-08-28,7860.0,7920.0,7740.0,7740.0,669190
2020-08-31,7740.0,7880.0,7620.0,7620.0,490190
2020-09-01,7600.0,7840.0,7580.0,7820.0,457950
2020-09-03,7880.0,7880.0,7760.0,7840.0,288840
2020-09-04,7740.0,7820.0,7640.0,7780.0,338510
2020-09-07,7620.0,7820.0,7600.0,7600.0,391800
2020-09-08,7600.0,7700.0,7540.0,7620.0,324950
2020-09-09,7580.0,7700.0,7580.0,7700.0,182520
2020-09-10,7700.0,7740.0,7680.0,7720.0,293010
2020-09-11,7740.0,7860.0,7720.0,7740.0,1199630
2020-09-14,7860.0,8200.0,7820.0,8100.0,874880
2020-09-15,8140.000000000001,8240.0,8140.000000000001,8220.0,499260
2020-09-16,8160.0,8280.0,8119.999999999999,8220.0,408170
2020-09-17,8180.0,8300.0,8060.000000000001,8300.0,676750
2020-09-18,8300.0,8540.0,8220.0,8340.0,571790
2020-09-21,8380.0,8540.0,8340.0,8540.0,511000
2020-09-22,8420.0,8540.0,8420.0,8540.0,297440
2020-09-23,8580.0,8720.0,8580.0,8580.0,288250
2020-09-24,8580.0,8640.0,8500.0,8560.0,437830
2020-09-25,8620.0,8620.0,8460.0,8460.0,224520
2020-09-28,8420.0,8600.0,8420.0,8580.0,206630
2020-09-29,8600.0,8620.0,8380.0,8420.0,232450
2020-09-30,8380.0,8460.0,8300.0,8440.0,143300
2020-10-01,8500.0,8560.0,8420.0,8460.0,323690
2020-10-02,8460.0,8820.0,8460.0,8740.0,802180
2020-10-05,8740.0,9050.0,8740.0,9050.0,472320
2020-10-06,9050.0,9090.0,9010.0,9030.0,186490
2020-10-07,8910.0,9030.0,8890.0,8950.0,430810
2020-10-08,8950.0,8950.0,8740.0,8890.0,165470
2020-10-09,8930.0,9030.0,8890.0,9010.0,230190
2020-10-12,8780.0,9090.0,8780.0,8930.0,323750
2020-10-13,8850.0,9050.0,8850.0,8930.0,99600
2020-10-14,8970.0,8970.0,8850.0,8970.0,91520
2020-10-15,8970.0,8970.0,8840.0,8890.0,216620
2020-10-16,8890.0,9050.0,8840.0,8890.0,216240
2020-10-19,9050.0,9330.0,8870.0,8970.0,618910
2020-10-20,8890.0,9010.0,8890.0,8970.0,79960
2020-10-21,9050.0,9050.0,8910.0,8950.0,168520
2020-10-22,8950.0,8970.0,8910.0,8970.0,112890
2020-10-23,9050.0,9050.0,8890.0,8970.0,150700
2020-10-26,9090.0,9090.0,8890.0,8890.0,288680
2020-10-27,8820.0,8990.0,8820.0,8930.0,194540
2020-10-28,8780.0,8970.0,8780.0,8780.0,143540
2020-10-29,8740.0,8780.0,8360.0,8560.0,187870
2020-10-30,8560.0,8680.0,8560.0,8620.0,141010
2020-11-02,9210.0,9210.0,8760.0,8800.0,271460
2020-11-03,8910.0,9010.0,8890.0,8990.0,177480
2020-11-04,9010.0,9030.0,8930.0,9010.0,219100
2020-11-05,8890.0,9050.0,8890.0,9010.0,196120
2020-11-06,9050.0,9050.0,8970.0,9010.0,112280
2020-11-09,9090.0,9630.0,9050.0,9630.0,1614430
2020-11-10,9910.0,9910.0,9650.0,9670.0,560460
2020-11-11,9670.0,9790.0,9630.0,9730.0,180120
2020-11-12,9730.0,9950.0,9610.0,9850.0,481070
2020-11-13,9770.0,9950.0,9730.0,9910.0,450770
2020-11-16,9910.0,10050.0,9730.0,9730.0,527570
2020-11-17,9730.0,9890.0,9730.0,9890.0,228320
2020-11-18,9930.0,9970.0,9850.0,9950.0,513610
2020-11-19,10010.0,10440.0,10010.0,10210.0,416120
2020-11-20,10320.0,10320.0,10050.0,10240.0,239020
2020-11-23,10130.0,10280.0,10090.0,10220.0,266080
2020-11-24,10240.0,10520.0,10130.0,10520.0,684850
2020-11-25,10520.0,10620.0,10320.0,10520.0,198960
2020-11-26,10440.0,10640.0,10130.0,10190.0,806210
2020-11-27,10090.0,10220.0,10090.0,10220.0,291160
2020-11-30,10320.0,10460.0,10210.0,10210.0,364880
2020-12-01,10220.0,10670.0,10170.0,10580.0,252760
2020-12-02,10700.0,10720.0,10530.0,10550.0,191410
2020-12-03,10530.0,10600.0,10320.0,10320.0,397940
2020-12-04,10440.0,10440.0,10150.0,10150.0,407120
2020-12-07,10050.0,10250.0,10010.0,10200.0,283080
2020-12-08,10150.0,10290.0,10010.0,10170.0,645240
2020-12-09,10220.0,10340.0,10170.0,10320.0,475870
2020-12-10,10320.0,10360.0,10250.0,10320.0,343120
2020-12-11,10270.0,10320.0,10250.0,10290.0,227170
2020-12-14,10360.0,10390.0,10250.0,10320.0,445980
2020-12-15,10320.0,10820.0,10320.0,10720.0,993440
2020-12-16,10770.0,10840.0,10600.0,10670.0,272610
2020-12-17,10670.0,10670.0,10340.0,10410.0,456510
2020-12-18,10170.0,10480.0,10170.0,10440.0,308450
2020-12-21,10460.0,10530.0,10390.0,10440.0,255790
2020-12-22,10440.0,10770.0,10340.0,10720.0,405690
2020-12-23,10770.0,11290.0,10750.0,11010.0,736690
2020-12-24,11010.0,11080.0,10290.0,10700.0,410100
2020-12-25,10510.0,10820.0,10510.0,10720.0,208810
2020-12-28,10720.0,10910.0,10550.0,10550.0,400800
2020-12-29,10510.0,10700.0,10510.0,10580.0,269900
2020-12-30,10630.0,10630.0,10440.0,10510.0,270270
2020-12-31,10530.0,10630.0,10480.0,10600.0,217260
2021-01-04,10600.0,10910.0,10600.0,10820.0,329400
2021-01-05,10790.0,11250.0,10750.0,11170.0,515900
2021-01-06,11200.0,11250.0,11100.0,11170.0,361500
2021-01-07,11200.0,11200.0,10940.0,11100.0,312100
2021-01-08,11200.0,11270.0,10960.0,11060.0,697300
2021-01-11,11100.0,11250.0,10980.0,11030.0,443400
2021-01-12,11030.0,11580.0,11010.0,11460.0,759200
2021-01-13,11580.0,11670.0,11390.0,11440.0,788600
2021-01-14,11340.0,11390.0,11080.0,11270.0,547800
2021-01-15,11220.0,11270.0,11080.0,11220.0,478300
2021-01-18,11150.0,11250.0,11030.0,11100.0,566400
2021-01-19,11030.0,11030.0,10340.0,10340.0,814900
2021-01-20,10480.0,10630.0,10220.0,10630.0,587900
2021-01-21,10720.0,10960.0,10360.0,10600.0,462300
2021-01-22,10860.0,11100.0,10820.0,10940.0,518200
2021-01-25,11080.0,11080.0,10860.0,10960.0,213300
2021-01-26,10960.0,11460.0,10480.0,11010.0,979200
2021-01-27,10960.0,11320.0,10840.0,10960.0,716900
2021-01-28,10340.0,10580.0,10200.0,10200.0,2056700
2021-01-29,9510.0,10890.0,9510.0,10890.0,2033900
2021-02-01,10960.0,11150.0,10650.0,10890.0,1215200
2021-02-02,10960.0,11630.0,10720.0,11630.0,2232900
2021-02-03,12010.0,12290.0,11910.0,12100.0,1556900
2021-02-04,12250.0,12680.0,12150.0,12560.0,1261300
2021-02-05,12560.0,12580.0,12320.0,12390.0,716000
2021-02-08,12390.0,12870.0,11960.0,12200.0,1124100
2021-02-09,12390.0,12390.0,12010.0,12130.0,852100
2021-02-17,12390.0,12910.0,12060.0,12870.0,1443900
2021-02-18,13060.0,13060.0,12720.0,12720.0,883400
2021-02-19,12630.0,12960.0,12480.0,12720.0,689500
2021-02-22,12680.0,12720.0,12320.0,12340.0,1009000
2021-02-23,12200.0,12510.0,12200.0,12440.0,473300
2021-02-24,12340.0,12440.0,12010.0,12150.0,777500
2021-02-25,12290.0,12440.0,12200.0,12440.0,616600
2021-02-26,12290.0,13290.0,12250.0,13290.0,2667200
2021-03-01,14200.0,14220.0,13490.0,13530.0,1069600
2021-03-02,13460.0,13870.0,13340.0,13680.0,1236100
2021-03-03,13440.0,13720.0,13370.0,13390.0,961600
2021-03-04,13490.0,13630.0,12460.0,12940.0,1178100
2021-03-05,12580.0,13720.0,12580.0,13150.0,1100300
2021-03-08,13150.0,13530.0,12940.0,13060.0,730000
2021-03-09,12770.0,13820.0,12770.0,13530.0,1974500
2021-03-10,13630.0,13680.0,13440.0,13580.0,1004900
2021-03-11,13580.0,14150.0,13440.0,14130.0,1486800
2021-03-12,14130.0,14180.0,13820.0,13960.0,444000
2021-03-15,13960.0,13960.0,13680.0,13720.0,617900
2021-03-16,13600.0,13650.0,13340.0,13650.0,799900
2021-03-17,13490.0,14010.0,13440.0,13720.0,618200
2021-03-18,13820.0,13820.0,13630.0,13720.0,321600
2021-03-19,13770.0,14680.0,13770.0,14530.0,2646000
2021-03-22,14490.0,14580.0,14200.0,14340.0,532600
2021-03-23,14150.0,14390.0,13820.0,13910.0,1049800
2021-03-24,13700.0,14060.0,13320.0,13560.0,1070700
2021-03-25,13580.0,13680.0,13100.0,13200.0,1272900
2021-03-26,13010.0,13200.0,12480.0,13180.0,1204100
2021-03-29,13200.0,13510.0,13200.0,13490.0,434000
2021-03-30,13600.0,13600.0,13250.0,13440.0,432800
2021-03-31,13440.0,13440.0,13250.0,13340.0,324600
2021-04-01,13440.0,13870.0,13370.0,13630.0,359800
2021-04-02,13870.0,13870.0,13290.0,13290.0,625000
2021-04-05,13340.0,13510.0,13200.0,13340.0,505500
2021-04-06,13440.0,13440.0,13130.0,13150.0,680000
2021-04-07,13220.0,13440.0,12990.0,13250.0,877100
2021-04-08,13250.0,13250.0,13010.0,13150.0,389100
2021-04-09,13100.0,13290.0,13030.0,13080.0,388300
2021-04-12,13320.0,13530.0,12990.0,13290.0,796900
2021-04-13,13290.0,13340.0,12910.0,12960.0,701800
2021-04-14,12870.0,12870.0,12630.0,12770.0,1421200
2021-04-15,12770.0,12770.0,12340.0,12410.0,1181300
2021-04-16,12410.0,12410.0,11910.0,12100.0,1210000
2021-04-19,12100.0,12390.0,12100.0,12340.0,610000
2021-04-20,12630.0,12630.0,12150.0,12290.0,485300
2021-04-22,12130.0,12200.0,11670.0,11700.0,617000
2021-04-23,11480.0,12100.0,11480.0,12010.0,600300
2021-04-26,12010.0,12250.0,11870.0,12060.0,583500
2021-04-27,11440.0,12150.0,11440.0,12030.0,307900
2021-04-28,12290.0,12650.0,12030.0,12480.0,479400
2021-04-29,12750.0,12750.0,12150.0,12390.0,501000
2021-05-04,11720.0,12390.0,11720.0,12150.0,345200
2021-05-05,12150.0,12580.0,12150.0,12460.0,982700
2021-05-06,12460.0,12680.0,12390.0,12480.0,590600
2021-05-07,12480.0,12480.0,11960.0,12460.0,596700
2021-05-10,11960.0,12390.0,11910.0,12010.0,382600
2021-05-11,12010.0,12290.0,11870.0,12010.0,545400
2021-05-12,12250.0,12250.0,11820.0,12100.0,519100
2021-05-13,12060.0,12290.0,11910.0,11910.0,597500
2021-05-14,11910.0,12060.0,11910.0,11910.0,184200
2021-05-17,11910.0,12080.0,11890.0,11940.0,252600
2021-05-18,11840.0,11960.0,11750.0,11910.0,278300
2021-05-19,11720.0,11910.0,11720.0,11770.0,319700
2021-05-20,11720.0,11720.0,11340.0,11650.0,596500
2021-05-21,11480.0,12390.0,11440.0,12010.0,744200
2021-05-24,12150.0,12290.0,11820.0,12060.0,259700
2021-05-25,11910.0,12150.0,11910.0,12080.0,684600
2021-05-26,12060.0,12270.0,11910.0,12180.0,471300
2021-05-27,12060.0,12270.0,11960.0,12080.0,347600
2021-05-28,12270.0,12530.0,12130.0,12530.0,804500
2021-05-31,12530.0,13290.0,12530.0,13150.0,922800
2021-06-01,13560.0,13580.0,13080.0,13080.0,466200
2021-06-02,13060.0,13060.0,12910.0,13010.0,551500
2021-06-03,12910.0,13100.0,12870.0,13030.0,616700
2021-06-04,12940.0,13080.0,12790.0,12840.0,577400
2021-06-07,12910.0,12990.0,12680.0,12770.0,234600
2021-06-08,12580.0,12870.0,12030.0,12060.0,456700
2021-06-09,12060.0,12290.0,11820.0,12200.0,482100
2021-06-10,12200.0,13030.0,12150.0,13030.0,1378800
2021-06-11,13030.0,13340.0,12820.0,12890.0,384100
2021-06-14,12870.0,13080.0,12650.0,12750.0,201100
2021-06-15,12650.0,12890.0,12560.0,12790.0,391100
2021-06-16,12790.0,13580.0,12790.0,13530.0,1872600
2021-06-17,13340.0,13490.0,13150.0,13440.0,487400
2021-06-18,13580.0,13770.0,13440.0,13490.0,971100
2021-06-21,13290.0,13750.0,13200.0,13530.0,891000
2021-06-22,13580.0,13680.0,13460.0,13510.0,482100
2021-06-23,13390.0,13460.0,12940.0,13010.0,877300
2021-06-24,12870.0,13010.0,12630.0,12720.0,459300
2021-06-25,12650.0,12820.0,12460.0,12680.0,433800
2021-06-28,12680.0,12870.0,12510.0,12770.0,719900
2021-06-29,12870.0,13100.0,12720.0,12790.0,426500
2021-06-30,12720.0,12790.0,12580.0,12630.0,344100
2021-07-01,12530.0,12720.0,12480.0,12600.0,282300
2021-07-02,12600.0,12630.0,12530.0,12630.0,368800
2021-07-05,12630.0,13100.0,12510.0,12820.0,602000
2021-07-06,12770.0,13270.0,12440.0,12530.0,939700
2021-07-07,12390.0,12790.0,12060.0,12390.0,553600
2021-07-08,12390.0,12530.0,12180.0,12200.0,207300
2021-07-09,11910.0,12250.0,11910.0,12200.0,1130300
2021-07-12,12150.0,12180.0,11360.0,11390.0,643000
2021-07-13,11580.0,11720.0,11390.0,11700.0,644100
2021-07-14,11700.0,11910.0,11340.0,11700.0,253700
2021-07-15,11580.0,12390.0,11580.0,12390.0,909900
2021-07-16,12440.0,12510.0,11910.0,11910.0,512900
2021-07-19,11670.0,11910.0,11440.0,11530.0,336900
2021-07-20,11530.0,11770.0,11480.0,11770.0,141400
2021-07-21,11820.0,11910.0,11670.0,11770.0,138900
2021-07-22,11790.0,12200.0,11580.0,12060.0,548500
2021-07-23,12060.0,12150.0,11870.0,11870.0,209500
2021-07-26,11630.0,12030.0,11630.0,12010.0,267400
2021-07-27,12100.0,12580.0,12100.0,12510.0,1202000
2021-07-28,12510.0,12510.0,12290.0,12460.0,444600
2021-07-29,12480.0,12870.0,12340.0,12820.0,535400
2021-07-30,12870.0,12910.0,12480.0,12790.0,609100
2021-08-02,12770.0,12790.0,12480.0,12680.0,502400
2021-08-03,12630.0,12650.0,12460.0,12530.0,773300
2021-08-04,12680.0,13100.0,12530.0,12770.0,812700
2021-08-05,12770.0,13010.0,12630.0,13010.0,1093200
2021-08-06,13010.0,13100.0,12910.0,12910.0,1061800
2021-08-09,12890.0,13800.0,12890.0,13800.0,3666800
2021-08-10,14250.0,14440.0,13820.0,14080.0,3118300
2021-08-11,14080.0,14220.0,13910.0,13910.0,1541700
2021-08-12,13770.0,14870.0,13770.0,14440.0,6620600
2021-08-13,14770.0,15250.0,14490.0,15130.0,3274200
2021-08-16,15770.0,16059.999999999998,15080.0,15270.0,3045400
2021-08-17,15080.0,15630.0,14870.0,15200.0,2651800
2021-08-18,15200.0,15580.0,15110.0,15270.0,2573500
2021-08-19,15270.0,15870.0,15200.0,15580.0,1596000
2021-08-20,15680.0,15680.0,14510.0,14510.0,4341100
2021-08-23,14510.0,14720.0,13750.0,13820.0,3042700
2021-08-24,13910.0,14490.0,13770.0,14370.0,2415600
2021-08-25,14410.0,14610.0,14300.0,14580.0,1158000
2021-08-26,14720.0,15300.0,14560.0,15180.0,3078900
2021-08-27,15010.0,16230.0,15010.0,16230.0,5656900
2021-08-30,16680.0,16940.0,16340.0,16490.0,2928300
2021-08-31,16440.0,16920.0,16200.0,16540.0,3111100
2021-09-01,17150.0,17150.0,16680.0,17060.0,2812100
2021-09-06,17110.0,17630.0,16770.0,16800.0,2941700
2021-09-07,16770.0,16840.0,15960.0,16129.999999999998,3849300
2021-09-08,16010.000000000002,16680.0,16010.000000000002,16370.000000000002,2287700
2021-09-09,16370.000000000002,17390.0,16370.000000000002,17200.0,2069200
2021-09-10,17300.0,17350.0,16960.0,16960.0,1572500
2021-09-13,16960.0,16960.0,16490.0,16630.0,1685100
2021-09-14,16540.0,17200.0,16440.0,16800.0,1817700
2021-09-15,16680.0,17850.0,16680.0,17680.0,3421600
2021-09-16,17730.0,17730.0,17390.0,17610.0,1324400
2021-09-17,17700.0,17960.0,17510.0,17610.0,2220500
2021-09-20,17630.0,17680.0,16960.0,17270.0,2258400
2021-09-21,16820.0,17150.0,16490.0,17150.0,2846800
2021-09-22,17200.0,17440.0,16820.0,17350.0,1680200
2021-09-23,17390.0,17630.0,17060.0,17080.0,1477400
2021-09-24,16920.0,17150.0,16770.0,16840.0,1223100
2021-09-27,16730.0,17150.0,16700.0,16730.0,1335100
2021-09-28,16490.0,16920.0,16200.0,16770.0,1146400
2021-09-29,16990.0,17940.0,16730.0,17920.0,4059200
2021-09-30,18110.0,18560.0,17920.0,18440.0,2903800
2021-10-01,18490.0,18820.0,17870.0,18440.0,2047000
2021-10-04,18390.0,19060.0,18350.0,18750.0,1971700
2021-10-05,18970.0,18970.0,18130.0,18200.0,2202400
2021-10-06,18200.0,18970.0,18160.0,18970.0,2403000
2021-10-07,19060.0,19060.0,18630.0,18700.0,1597100
2021-10-08,18730.0,19040.0,18510.0,18580.0,1613800
2021-10-11,18680.0,18820.0,18300.0,18510.0,1527300
2021-10-12,18510.0,18800.0,18350.0,18630.0,2289400
2021-10-13,18730.0,19250.0,18630.0,18870.0,2055200
2021-10-14,18870.0,19490.0,18820.0,18820.0,1933700
2021-10-15,19010.0,19300.0,18660.0,18920.0,1638500
2021-10-18,18870.0,18920.0,18350.0,18350.0,3892200
2021-10-19,18350.0,18730.0,18110.0,18540.0,1262800
2021-10-20,18680.0,18680.0,18250.0,18440.0,1934800
2021-10-21,18440.0,19730.0,18320.0,19730.0,3361200
2021-10-22,19780.0,20230.0,19300.0,19440.0,1981000
2021-10-25,19750.0,19990.0,18870.0,18920.0,3329600
2021-10-26,18920.0,19870.0,18820.0,19680.0,2559600
2021-10-27,19780.0,19990.0,19730.0,19870.0,1761400
2021-10-28,19940.0,20440.0,19680.0,20160.0,2673800
2021-10-29,20160.0,20280.0,19730.0,19890.0,2187000
2021-11-01,20250.0,20490.0,20010.0,20090.0,3036200
2021-11-02,20090.0,20470.0,19750.0,20300.0,2809100
2021-11-03,20300.0,20440.0,19110.0,19540.0,2899500
2021-11-04,20240.0,20870.0,19730.0,20640.0,1677400
2021-11-05,20640.0,21670.0,20300.0,21360.0,1748800
2021-11-08,21960.0,21960.0,21360.0,21500.0,1816800
2021-11-09,21500.0,21700.0,21160.0,21270.0,1237100
2021-11-10,21270.0,21820.0,20930.0,21390.0,1486300
2021-11-11,21440.0,21620.0,20870.0,21360.0,1959200
2021-11-12,21360.0,21730.0,21040.0,21360.0,1435000
2021-11-15,21500.0,22300.0,21220.0,21840.0,2752400
2021-11-16,21840.0,21900.0,21270.0,21470.0,1150600
2021-11-17,21330.0,22300.0,21160.0,22100.0,1697000
2021-11-18,22130.0,22130.0,21670.0,21670.0,1124100
2021-11-19,21790.0,21790.0,20160.0,20870.0,2141800
2021-11-22,20930.0,21160.0,19440.0,19440.0,2247500
2021-11-23,19440.0,19990.0,19160.0,19930.0,1411600
2021-11-24,20300.0,20300.0,19610.0,19730.0,1424000
2021-11-25,19500.0,20530.0,19500.0,20440.0,979000
2021-11-26,20500.0,21070.0,19810.0,20900.0,1515100
2021-11-29,20760.0,22020.0,20100.0,21900.0,3067400
2021-11-30,22270.0,22590.0,21640.0,21670.0,2225800
2021-12-01,21500.0,21730.0,21270.0,21620.0,940500
2021-12-02,21730.0,22190.0,21270.0,21790.0,1900900
2021-12-03,21820.0,22240.0,21190.0,21190.0,1940500
2021-12-06,21100.0,21300.0,20010.0,20190.0,1360200
2021-12-07,20700.0,21040.0,20190.0,20760.0,1039900
2021-12-08,20930.0,21330.0,20640.0,20930.0,875300
2021-12-09,20760.0,21500.0,20760.0,21500.0,1189500
2021-12-10,21790.0,22870.0,21670.0,22870.0,5809000
2021-12-13,23390.0,23390.0,22870.0,23100.0,2118200
2021-12-14,22870.0,23070.0,22590.0,22760.0,1927900
2021-12-15,22470.0,24020.0,22470.0,23300.0,2661500
2021-12-16,23330.0,24020.0,22960.0,23700.0,2151300
2021-12-17,23790.0,23790.0,22990.0,22990.0,1912300
2021-12-20,22760.0,22870.0,21790.0,22330.0,3812300
2021-12-21,22130.0,22850.0,22040.0,22590.0,1289000
2021-12-22,22760.0,23450.0,22530.0,22820.0,1765000
2021-12-23,23100.0,23100.0,21730.0,22190.0,1924900
2021-12-24,22300.0,22470.0,22020.0,22240.0,862700
2021-12-27,22240.0,22990.0,22190.0,22700.0,1219100
2021-12-28,22650.0,23390.0,22560.0,22760.0,2050700
2021-12-29,23020.0,23450.0,22870.0,22990.0,1205400
2021-12-30,23100.0,23560.0,22590.0,22670.0,1587200
2021-12-31,22500.0,22760.0,22020.0,22500.0,1315000
2022-01-04,22500.0,23160.0,22500.0,23070.0,1773100
2022-01-05,23250.0,24020.0,23220.0,23450.0,2921900
2022-01-06,22930.0,23300.0,22900.0,22900.0,2267600
2022-01-07,22900.0,23100.0,22420.0,22530.0,2641600
2022-01-10,22530.0,22530.0,21730.0,21730.0,3441700
2022-01-11,21790.0,22300.0,21560.0,21790.0,1764400
2022-01-12,21790.0,22190.0,20270.0,21790.0,2464900
2022-01-13,22190.0,22190.0,20700.0,20870.0,2123000
2022-01-14,20560.0,21130.0,20190.0,20870.0,940800
2022-01-17,21160.0,21160.0,19440.0,19440.0,2676100
2022-01-18,19330.0,19900.0,18810.0,18930.0,1130500
2022-01-19,18930.0,20010.0,18900.0,19330.0,880000
2022-01-20,19900.0,19900.0,19390.0,19670.0,743200
2022-01-21,19670.0,20070.0,19440.0,19470.0,963500
2022-01-24,19440.0,19440.0,18130.0,18130.0,1625100
2022-01-25,17560.0,19040.0,17560.0,19040.0,1273200
2022-01-26,19160.0,19530.0,19040.0,19440.0,714000
2022-01-27,19160.0,19730.0,19040.0,19560.0,685800
2022-01-28,19440.0,20130.0,19160.0,19330.0,617600
2022-02-07,19560.0,20190.0,19560.0,20010.0,514800
2022-02-08,19840.0,20270.0,19840.0,20190.0,623000
2022-02-09,20240.0,20760.0,20240.0,20440.0,558500
2022-02-10,20590.0,20640.0,20100.0,20300.0,591000
2022-02-11,20010.0,20500.0,19900.0,20070.0,719800
2022-02-14,19840.0,20760.0,19610.0,20190.0,936600
2022-02-15,20190.0,20590.0,20190.0,20410.0,1125400
2022-02-16,20700.0,20700.0,20300.0,20330.0,1319400
2022-02-17,20670.0,20700.0,20360.0,20470.0,1215500
2022-02-18,20590.0,21730.0,20410.0,21530.0,2201500
2022-02-21,21670.0,22020.0,21530.0,21560.0,1088700
2022-02-22,21220.0,21440.0,20960.0,21390.0,1591800
2022-02-23,21390.0,21870.0,21330.0,21790.0,1803900
2022-02-24,21730.0,22020.0,20300.0,21640.0,2849500
2022-02-25,21730.0,22020.0,21620.0,21790.0,1619000
2022-02-28,21730.0,22420.0,21730.0,22190.0,1824700
2022-03-01,22220.0,22300.0,22020.0,22130.0,1151500
2022-03-02,22130.0,22130.0,21470.0,21670.0,1444200
2022-03-03,21840.0,21900.0,21160.0,21670.0,1272900
2022-03-04,22020.0,22700.0,21760.0,22020.0,2069100
2022-03-07,22420.0,23300.0,22100.0,23070.0,4157700
2022-03-08,24020.0,24560.0,23450.0,24190.0,5964400
2022-03-09,25680.0,25880.0,24820.0,25880.0,7319800
2022-03-10,27160.0,27560.0,26300.0,26590.0,6065900
2022-03-11,25900.0,26330.0,24900.0,25330.0,4501200
2022-03-14,24880.0,26880.0,24360.0,25960.0,5578900
2022-03-15,25960.0,26590.0,25160.0,25220.0,2678200
2022-03-16,25220.0,26020.0,25160.0,25220.0,2527800
2022-03-17,25390.0,25530.0,24190.0,24190.0,4011900
2022-03-18,24190.0,24700.0,23850.0,24620.0,2507300
2022-03-21,24300.0,25420.0,24300.0,25390.0,2155500
2022-03-22,25160.0,25390.0,24590.0,24650.0,2900000
2022-03-23,24880.0,26130.0,24700.0,25560.0,3857600
2022-03-24,25930.0,26530.0,25880.0,26420.0,3051700
2022-03-25,26420.0,27130.0,25730.0,25900.0,2777300
2022-03-28,25450.0,27710.0,25280.0,27710.0,6870800
2022-03-29,28540.0,28540.0,27730.0,27990.0,3034100
2022-03-30,27730.0,28420.0,26530.0,26880.0,3354700
2022-03-31,26880.0,27710.0,26790.0,26960.0,2884400
2022-04-01,26880.0,27420.0,26590.0,27050.0,2551700
2022-04-04,27420.0,27730.0,26300.0,26360.0,2772500
2022-04-05,26360.0,26760.0,26080.0,26480.0,2593200
2022-04-06,26360.0,26930.0,26130.0,26620.0,1717100
2022-04-07,26620.0,26850.0,26080.0,26080.0,2137100
2022-04-08,26190.0,26280.0,25100.0,25160.0,3188300
2022-04-12,25100.0,25280.0,23470.0,23470.0,2979500
2022-04-13,23470.0,24930.0,23390.0,24930.0,1836100
2022-04-14,25280.0,25330.0,24590.0,24930.0,1111900
2022-04-15,24930.0,25990.0,24590.0,25160.0,1967900
2022-04-18,25160.0,26250.0,24930.0,25730.0,2860900
2022-04-19,26130.0,27110.0,25330.0,25450.0,2893600
2022-04-20,25450.0,25990.0,24930.0,25160.0,1895600
2022-04-21,24880.0,25650.0,23420.0,23500.0,2451800
2022-04-22,23560.0,24250.0,21870.0,21870.0,4076800
2022-04-25,21440.0,22360.0,20360.0,20360.0,2168100
2022-04-26,19790.0,21730.0,18960.0,21730.0,2257700
2022-04-27,21700.0,21760.0,20240.0,21730.0,735800
2022-04-28,21730.0,22070.0,21330.0,21440.0,1281500
2022-04-29,21440.0,22820.0,21240.0,22530.0,1883100
2022-05-04,22470.0,23620.0,22240.0,23160.0,1233400
2022-05-05,23530.0,23560.0,22590.0,22990.0,1380200
2022-05-06,21870.0,22990.0,21870.0,22440.0,1430800
2022-05-09,22420.0,22420.0,20900.0,20900.0,1761900
2022-05-10,19500.0,21440.0,19500.0,21160.0,1176200
2022-05-11,21440.0,21730.0,20760.0,21500.0,612100
2022-05-12,21330.0,21560.0,20010.0,20010.0,978900
2022-05-13,19730.0,20360.0,18610.0,18610.0,1892100
2022-05-16,18870.0,19440.0,17330.0,17330.0,1779200
2022-05-17,16870.0,18530.0,16300.0,18530.0,1513100
2022-05-18,19160.0,19390.0,18300.0,18300.0,1038700
2022-05-19,17270.0,19130.0,17270.0,18870.0,1038100
2022-05-20,18870.0,19390.0,18700.0,19100.0,807400
2022-05-23,19360.0,19360.0,18180.0,18640.0,733200
2022-05-24,18870.0,18870.0,18010.0,18530.0,956800
2022-05-25,18810.0,19810.0,18790.0,19810.0,1713300
2022-05-26,20130.0,20620.0,19900.0,20410.0,1299500
2022-05-27,20330.0,20870.0,20190.0,20360.0,1028500
2022-05-30,20470.0,21670.0,20190.0,21070.0,1526700
2022-05-31,20870.0,21730.0,20760.0,21190.0,1471400
2022-06-01,21160.0,22020.0,20790.0,22020.0,1914400
2022-06-02,21730.0,22190.0,21440.0,21440.0,1194800
2022-06-03,21160.0,21840.0,21100.0,21500.0,1281800
2022-06-06,21730.0,22990.0,21620.0,22990.0,3264200
2022-06-07,23450.0,24420.0,23220.0,24020.0,2945300
2022-06-08,24250.0,24880.0,23730.0,23730.0,2073000
2022-06-09,23500.0,24590.0,23500.0,24590.0,2253700
2022-06-10,24450.0,24760.0,23070.0,23070.0,2382100
2022-06-13,21730.0,24190.0,21730.0,22590.0,3465100
2022-06-14,22870.0,23420.0,22590.0,23100.0,1983600
2022-06-15,23850.0,23900.0,22820.0,23560.0,2816000
2022-06-16,24020.0,25190.0,23560.0,25190.0,5352000
2022-06-17,24850.0,26710.0,24850.0,26020.0,4838500
2022-06-20,26020.0,26250.0,24220.0,24220.0,3779100
2022-06-21,23730.0,24700.0,22530.0,22530.0,4744600
2022-06-22,22530.0,22760.0,20960.0,20960.0,4144800
2022-06-23,20590.0,22420.0,20360.0,22420.0,2428300
2022-06-24,22760.0,22760.0,21730.0,21790.0,1424200
2022-06-27,22070.0,22790.0,21790.0,22190.0,1697200
2022-06-28,22220.0,23160.0,21440.0,22070.0,2423300
2022-06-29,22070.0,22650.0,21900.0,22650.0,1561600
2022-06-30,22870.0,23620.0,22590.0,22590.0,2410700
2022-07-01,22360.0,23050.0,21470.0,22870.0,1991000
2022-07-04,23330.0,23330.0,21900.0,22020.0,1314300
2022-07-05,22020.0,22040.0,20500.0,20560.0,3956700
2022-07-06,20010.0,20930.0,19730.0,19730.0,1722300
2022-07-07,19610.0,20590.0,19610.0,20010.0,1067900
2022-07-08,20330.0,20590.0,19960.0,19960.0,816500
2022-07-11,19900.0,20040.0,18810.0,18930.0,2025000
2022-07-12,19010.0,20010.0,18930.0,20010.0,1103300
2022-07-13,20160.0,20560.0,20010.0,20130.0,719900
2022-07-14,19900.0,20300.0,19730.0,20130.0,1188600
2022-07-15,20360.0,20930.0,20300.0,20530.0,1326500
2022-07-18,20620.0,20840.0,20360.0,20360.0,659800
2022-07-19,20820.0,20990.0,20360.0,20640.0,1180900
2022-07-20,20820.0,21730.0,20820.0,21700.0,2121300
2022-07-21,21640.0,22070.0,21270.0,21330.0,1167600
2022-07-22,21190.0,21560.0,20960.0,20960.0,931600
2022-07-25,20820.0,21330.0,20820.0,21020.0,1157500
2022-07-26,21640.0,21640.0,21100.0,21190.0,932400
2022-07-27,21220.0,21270.0,20960.0,21270.0,636800
2022-07-28,21670.0,21900.0,21440.0,21620.0,1363100
2022-07-29,21640.0,21840.0,21270.0,21270.0,1120100
2022-08-01,21040.0,21440.0,20870.0,21270.0,2262100
2022-08-02,21270.0,21730.0,21020.0,21620.0,1545400
2022-08-03,21840.0,22590.0,21500.0,22590.0,2966600
2022-08-04,22420.0,22590.0,22100.0,22100.0,2001900
2022-08-05,22020.0,22560.0,21900.0,22330.0,1557300
2022-08-08,22330.0,22850.0,22220.0,22760.0,1804700
2022-08-09,22870.0,22870.0,22220.0,22330.0,2051500
2022-08-10,22300.0,22440.0,22130.0,22190.0,1367800
2022-08-11,22590.0,22590.0,21670.0,21730.0,1714900
2022-08-12,21730.0,22300.0,21730.0,22240.0,1244000
2022-08-15,22390.0,23020.0,22300.0,22990.0,2902700
2022-08-16,22990.0,23390.0,22700.0,22850.0,1690700
2022-08-17,22850.0,23050.0,22390.0,22530.0,1320100
2022-08-18,22470.0,22590.0,22240.0,22530.0,1395400
2022-08-19,22700.0,22790.0,22020.0,22220.0,1254900
2022-08-22,22220.0,22420.0,21790.0,21870.0,1372800
2022-08-23,21620.0,22300.0,21620.0,22300.0,1055000
2022-08-24,22470.0,23160.0,22240.0,22990.0,2608700
2022-08-25,23250.0,23270.0,22900.0,22990.0,1235500
2022-08-26,22900.0,23670.0,22870.0,22900.0,2509000
2022-08-29,22240.0,22620.0,21790.0,22590.0,2687400
2022-08-30,22850.0,22850.0,22070.0,22070.0,1282700
2022-08-31,22130.0,23160.0,22070.0,22670.0,1902600
2022-09-05,22790.0,23020.0,22670.0,22930.0,1438000
2022-09-06,23270.0,24020.0,23100.0,23650.0,3654700
2022-09-07,23590.0,23730.0,22070.0,22420.0,2626400
2022-09-08,22650.0,22760.0,22130.0,22300.0,2076500
2022-09-09,22300.0,23450.0,22300.0,23160.0,1748000
2022-09-12,23270.0,23730.0,22990.0,22990.0,1440748
2022-09-13,23160.0,23960.0,22930.0,23450.0,3525161
2022-09-14,22870.0,23730.0,22870.0,23730.0,2611072
2022-09-15,24020.0,24250.0,23450.0,23450.0,2616563
2022-09-16,23330.0,23450.0,22620.0,22620.0,2947969
2022-09-19,22590.0,22820.0,21440.0,21840.0,3625920
2022-09-20,22070.0,22240.0,21360.0,22240.0,1727271
2022-09-21,22040.0,22240.0,21760.0,22020.0,751203
2022-09-22,21790.0,22420.0,21670.0,22420.0,1295300
2022-09-23,22300.0,22420.0,21930.0,22130.0,1133796
2022-09-26,21270.0,21670.0,20590.0,20590.0,2728847
2022-09-27,20590.0,21390.0,20530.0,20640.0,1166386
2022-09-28,20640.0,20870.0,19670.0,19730.0,1006782
2022-09-29,20070.0,20360.0,18870.0,18870.0,1321769
2022-09-30,18870.0,19160.0,17610.0,18580.0,2476715
2022-10-03,18670.0,18670.0,17300.0,17300.0,957813
2022-10-04,17730.0,17840.0,17270.0,17380.0,1598428
2022-10-05,18160.0,18160.0,17760.0,18130.0,582236
2022-10-06,18130.0,18610.0,17330.0,17330.0,1109620
2022-10-07,16580.0,17160.0,16239.999999999998,16580.0,1198115
2022-10-10,15950.0,17100.0,15950.0,16870.0,634606
2022-10-11,16700.0,17040.0,15700.0,15700.0,1020680
2022-10-12,15150.0,16129.999999999998,14980.0,15610.0,1126604
2022-10-13,15640.0,16239.999999999998,15610.0,15840.0,367668
2022-10-14,16210.0,16580.0,16129.999999999998,16129.999999999998,1213527
2022-10-17,15900.0,16730.0,15900.0,16350.000000000002,1230674
2022-10-18,16610.0,16870.0,16470.0,16470.0,705768
2022-10-19,16580.0,16930.0,16530.0,16580.0,1149440
2022-10-20,16760.0,16760.0,16040.0,16129.999999999998,1085858
2022-10-21,16379.999999999998,16379.999999999998,15010.0,15010.0,1629635
2022-10-24,15010.0,15010.0,13980.0,13980.0,1120323
2022-10-25,13070.0,14180.0,13010.0,13010.0,2438599
2022-10-26,12870.0,13320.0,12120.0,12120.0,1531543
2022-10-27,11440.0,12670.0,11440.0,12520.0,2168767
2022-10-28,12580.0,13270.0,12580.0,12690.0,1498366
2022-10-31,12690.0,12870.0,11810.0,11810.0,2051562
2022-11-01,12360.0,12360.0,11970.0,12030.0,1188748
2022-11-02,12170.0,12660.0,12170.0,12360.0,1069972
2022-11-03,12130.0,12760.0,12130.0,12630.0,1296634
2022-11-04,12530.0,12590.0,11900.0,12230.0,1514450
2022-11-07,12360.0,12360.0,11380.0,11380.0,1738680
2022-11-08,10850.0,11380.0,10690.0,11050.0,1002179
2022-11-09,11240.0,11610.0,11050.0,11050.0,765351
2022-11-10,11050.0,11180.0,10290.0,10290.0,1006323
2022-11-11,10260.0,10520.0,9600.0,9600.0,1849710
2022-11-14,9010.0,9210.0,8940.0,8940.0,2836359
2022-11-15,8420.0,8680.0,8320.0,8320.0,1518098
2022-11-16,7760.0,8880.0,7760.0,8880.0,2424547
2022-11-17,9210.0,9470.0,9170.0,9470.0,611857
2022-11-18,9800.0,10130.0,9540.0,10130.0,2747407
2022-11-21,10390.0,10820.0,10390.0,10820.0,1410202
2022-11-22,11240.0,11440.0,10520.0,10650.0,3383466
2022-11-23,10520.0,10850.0,10230.0,10360.0,1346377
2022-11-24,10390.0,10780.0,10090.0,10520.0,1372835
2022-11-25,10820.0,11240.0,10690.0,11240.0,2368696
2022-11-28,11770.0,12000.0,11710.0,12000.0,2276302
2022-11-29,12170.0,12490.0,11510.0,12170.0,2683465
2022-11-30,12100.0,12490.0,11570.0,12490.0,2697915
2022-12-01,12990.0,13250.0,11840.0,12260.0,2160111
2022-12-02,12100.0,13020.0,11900.0,13020.0,2089552
2022-12-05,13480.0,13480.0,12690.0,12820.0,2416293
2022-12-06,12660.0,13610.0,12300.0,12400.0,3399942
2022-12-07,12230.0,12690.0,12170.0,12360.0,1905957
2022-12-08,12820.0,13150.0,12460.0,12690.0,2167300
2022-12-09,12630.0,13550.0,12260.0,13550.0,3297573
2022-12-12,13650.0,14340.0,13150.0,13150.0,3073042
2022-12-13,13450.0,13940.0,12820.0,13940.0,3099632
2022-12-14,14300.0,14300.0,13780.0,13810.0,1794791
2022-12-15,13940.0,14070.0,13410.0,13580.0,2163862
2022-12-16,13150.0,13940.0,13150.0,13940.0,2099195
2022-12-19,14140.0,14400.0,13680.0,13680.0,2096693
2022-12-20,13480.0,14140.0,13380.0,13810.0,2655770
2022-12-21,14070.0,14070.0,13380.0,13740.0,1624563
2022-12-22,14010.0,14070.0,13480.0,13680.0,1064382
2022-12-23,13680.0,14600.0,13480.0,14200.0,3672001
2022-12-26,14010.0,14370.0,13220.0,13220.0,2083087
2022-12-27,13090.0,13380.0,12300.0,13050.0,4961840
2022-12-28,13050.0,13450.0,12630.0,13410.0,1298012
2022-12-29,13410.0,13650.0,13020.0,13020.0,1654494
2022-12-30,13090.0,13450.0,12920.0,13280.0,1176522
2023-01-03,13480.0,14200.0,13280.0,14200.0,2887229
2023-01-04,14470.0,14800.0,14340.0,14700.0,2573208
2023-01-05,14700.0,15490.0,14600.0,15450.0,3172227
2023-01-06,15320.0,15720.0,15190.0,15520.0,3090446
2023-01-09,15720.0,15720.0,15260.0,15390.0,1721167
2023-01-10,15520.0,15520.0,14960.0,15120.0,2594436
2023-01-11,15190.0,15650.0,15190.0,15650.0,1728104
2023-01-12,15720.0,16340.0,15520.0,15950.0,1977769
2023-01-13,15980.0,16239.999999999998,15780.0,15850.0,1218506
2023-01-16,15820.0,16239.999999999998,15780.0,16110.0,1420565
2023-01-17,16309.999999999998,17060.0,16050.0,16900.0,1460933
2023-01-18,17060.0,17100.0,16770.0,16770.0,1544746
2023-01-19,16770.0,16900.0,16640.0,16770.0,1240018
2023-01-27,17100.0,17360.0,16830.0,17030.0,1322235
2023-01-30,17030.0,17130.0,16700.0,16770.0,1200435
2023-01-31,16830.0,17360.0,16770.0,17160.0,1421739
2023-02-01,17430.0,17460.0,15980.0,15980.0,2882348
2023-02-02,15850.0,15980.0,15120.0,15490.0,2260846
2023-02-03,15520.0,16110.0,15320.0,15320.0,1968634
2023-02-06,15320.0,16370.000000000002,15320.0,16370.000000000002,1698843
2023-02-07,16700.0,16770.0,16050.0,16370.000000000002,1943553
2023-02-08,16340.0,16670.0,16050.0,16540.0,1687505
2023-02-09,16600.0,16970.0,16470.0,16600.0,1298459
2023-02-10,16770.0,17360.0,16640.0,16930.0,3140664
2023-02-13,16800.0,17160.0,16110.0,16110.0,2189683
2023-02-14,16410.0,16440.0,16010.000000000002,16050.0,1340980
2023-02-15,16010.000000000002,16830.0,16010.000000000002,16770.0,1231276
2023-02-16,16930.0,17430.0,16930.0,17060.0,2167565
2023-02-17,17060.0,17690.0,16870.0,17620.0,3034576
2023-02-20,17820.0,18410.0,17720.0,18410.0,3234293
2023-02-21,18410.0,18680.0,18020.0,18020.0,2943088
2023-02-22,17690.0,18380.0,17620.0,17690.0,3273767
2023-02-23,17760.0,17820.0,17030.0,17760.0,2308020
2023-02-24,17760.0,18310.0,17760.0,17950.0,1987800
2023-02-27,17660.0,17920.0,17230.0,17230.0,1832961
2023-02-28,17490.0,17890.0,17230.0,17890.0,1882883
2023-03-01,17790.0,18740.0,17760.0,18740.0,2966831
2023-03-02,18740.0,19200.0,18250.0,18250.0,2044825
2023-03-03,18450.0,18540.0,17760.0,17760.0,2393134
2023-03-06,18180.0,18310.0,17760.0,17790.0,1262817
2023-03-07,18020.0,18350.0,17890.0,18250.0,1732820
2023-03-08,18080.0,18540.0,18020.0,18540.0,1415078
2023-03-09,18580.0,18870.0,18220.0,18220.0,1630265
2023-03-10,18120.0,18540.0,17950.0,18380.0,1545837
2023-03-13,18080.0,18450.0,17760.0,18050.0,1699859
2023-03-14,18050.0,18180.0,17760.0,17890.0,2116379
2023-03-15,18220.0,18540.0,18150.0,18540.0,1481098
2023-03-16,18250.0,18480.0,18120.0,18280.0,1418065
2023-03-17,18540.0,18540.0,18150.0,18220.0,662695
2023-03-20,18120.0,18480.0,17890.0,17890.0,1161817
2023-03-21,18020.0,18080.0,17430.0,18080.0,1657451
2023-03-22,18180.0,18180.0,17760.0,17920.0,950731
2023-03-23,17720.0,18080.0,17690.0,18080.0,705595
2023-03-24,18410.0,18410.0,18050.0,18080.0,810693
2023-03-27,18250.0,18250.0,18020.0,18150.0,840264
2023-03-28,18250.0,18740.0,18180.0,18610.0,3127168
2023-03-29,18680.0,19140.0,18450.0,18870.0,1438087
2023-03-30,19040.0,19070.0,18580.0,18640.0,1371825
2023-03-31,18710.0,18810.0,18410.0,18480.0,1590200
2023-04-03,18610.0,19330.0,18480.0,19330.0,2766056
2023-04-04,19600.0,19600.0,19230.0,19530.0,1558052
2023-04-05,19600.0,19600.0,19100.0,19370.0,1492117
2023-04-06,19370.0,19660.0,18810.0,18810.0,2288623
2023-04-07,18940.0,18940.0,18610.0,18740.0,1149999
2023-04-10,18810.0,18840.0,18540.0,18740.0,1966131
2023-04-11,18740.0,19070.0,18640.0,19070.0,1059588
2023-04-12,19200.0,19600.0,19000.0,19400.0,2064133
2023-04-13,19270.0,19400.0,18870.0,18870.0,895462
2023-04-14,18910.0,19070.0,18250.0,18250.0,1685622
2023-04-17,18280.0,18480.0,18280.0,18480.0,782086
2023-04-18,18640.0,18640.0,18410.0,18480.0,627170
2023-04-19,18580.0,18910.0,18410.0,18410.0,720403
2023-04-20,18410.0,18580.0,18380.0,18510.0,470306
2023-04-21,18540.0,18640.0,18120.0,18220.0,892131
2023-04-24,18180.0,18710.0,18150.0,18640.0,701352
2023-04-25,18810.0,18810.0,18280.0,18380.0,571942
2023-04-26,18350.0,18480.0,18150.0,18480.0,920838
2023-04-27,18410.0,18870.0,18410.0,18540.0,1335184
2023-04-28,18740.0,19230.0,18740.0,18740.0,2879123
2023-05-04,18740.0,19040.0,18580.0,18580.0,1305060
2023-05-05,18680.0,18910.0,18410.0,18510.0,1351764
2023-05-08,18740.0,18940.0,18540.0,18710.0,1519939
2023-05-09,18740.0,18940.0,18640.0,18710.0,813183
2023-05-10,18740.0,19000.0,18710.0,18870.0,1582894
2023-05-11,19000.0,19000.0,18810.0,18870.0,1593730
2023-05-12,18870.0,19500.0,18740.0,19400.0,3060474
2023-05-15,19660.0,19660.0,18870.0,18870.0,1728899
2023-05-16,19460.0,19460.0,18940.0,18940.0,3188242
2023-05-17,19070.0,19230.0,18740.0,18840.0,1500895
2023-05-18,18870.0,19040.0,18610.0,18640.0,1802005
2023-05-19,18610.0,19170.0,18610.0,18940.0,1735672
2023-05-22,19200.0,19500.0,19000.0,19230.0,1706010
2023-05-23,19330.0,19370.0,18910.0,18940.0,1321562
2023-05-24,18870.0,19200.0,18870.0,18970.0,1488344
2023-05-25,18810.0,19040.0,18810.0,18840.0,1107578
2023-05-26,18870.0,19330.0,18870.0,19140.0,2171265
2023-05-29,19270.0,19400.0,19100.0,19400.0,2800624
2023-05-30,19530.0,19600.0,19140.0,19270.0,2764245
2023-05-31,19270.0,20290.0,19170.0,19790.0,4926467
2023-06-01,19730.0,20250.0,19690.0,19830.0,1780767
2023-06-02,19930.0,19990.0,19530.0,19530.0,2676524
2023-06-05,19660.0,19890.0,19560.0,19600.0,1894944
2023-06-06,19560.0,19600.0,19400.0,19460.0,1996379
2023-06-07,19690.0,19690.0,19400.0,19600.0,1800264
2023-06-08,19730.0,20190.0,19460.0,19460.0,3926086
2023-06-09,19500.0,19630.0,19200.0,19400.0,1818162
2023-06-12,19460.0,19600.0,19200.0,19300.0,1518513
2023-06-13,19400.0,19500.0,18640.0,18640.0,5029018
2023-06-14,18710.0,18940.0,18480.0,18480.0,2605977
2023-06-15,18740.0,18740.0,18280.0,18410.0,2664309
2023-06-16,18610.0,18640.0,18280.0,18350.0,2373122
2023-06-19,18350.0,18350.0,17760.0,17760.0,3211493
2023-06-20,17890.0,18050.0,17760.0,18050.0,1754335
2023-06-21,18150.0,18280.0,18050.0,18280.0,1776773
2023-06-22,18510.0,18680.0,18310.0,18410.0,2774313
2023-06-23,18410.0,18610.0,18350.0,18410.0,2396575
2023-06-26,18280.0,18410.0,17990.0,18020.0,2152835
2023-06-27,18150.0,18580.0,18050.0,18280.0,2321676
2023-06-28,18410.0,18410.0,18120.0,18350.0,1375320
2023-06-29,18350.0,18350.0,17890.0,17890.0,1972744
2023-06-30,17890.0,17920.0,17560.0,17560.0,1865933
2023-07-03,17760.0,17760.0,17160.0,17290.0,2102165
2023-07-04,17230.0,17620.0,17230.0,17490.0,1287824
2023-07-05,17620.0,17850.0,17520.0,17620.0,1504195
2023-07-06,17720.0,17720.0,17160.0,17260.0,1361034
2023-07-07,17260.0,17430.0,17260.0,17360.0,1456817
2023-07-10,17560.0,18150.0,17560.0,18020.0,3586732
2023-07-11,18310.0,18310.0,17820.0,17890.0,2119440
2023-07-12,17850.0,17990.0,17720.0,17760.0,1575245
2023-07-13,17820.0,18450.0,17790.0,18410.0,3969194
2023-07-14,18610.0,18680.0,18280.0,18410.0,2772299
2023-07-17,18480.0,18610.0,18280.0,18380.0,1969296
2023-07-18,18350.0,18380.0,18080.0,18250.0,1662234
2023-07-19,18380.0,18810.0,18380.0,18580.0,3506591
2023-07-20,18580.0,18610.0,18350.0,18450.0,1460232
2023-07-21,18680.0,19230.0,18510.0,19070.0,5414939
2023-07-24,19070.0,19400.0,18910.0,19070.0,3368252
2023-07-25,19270.0,19270.0,18770.0,18770.0,2354124
2023-07-26,18770.0,19170.0,18740.0,18810.0,2543497
2023-07-27,18870.0,19040.0,18410.0,18640.0,3231113
2023-07-28,18640.0,18740.0,18480.0,18540.0,2352745
2023-07-31,18350.0,18450.0,18020.0,18020.0,5956578
2023-08-01,18020.0,18580.0,18020.0,18350.0,3564084
2023-08-02,18410.0,18410.0,18180.0,18310.0,1729749
2023-08-03,18410.0,18710.0,18250.0,18250.0,3298904
2023-08-04,18280.0,18350.0,18150.0,18250.0,1395351
2023-08-07,18410.0,18540.0,18180.0,18250.0,2173498
2023-08-08,18220.0,19000.0,18220.0,18770.0,4526903
2023-08-09,18770.0,19270.0,18640.0,19040.0,4726326
2023-08-10,19140.0,19170.0,18610.0,18680.0,3409452
2023-08-11,18680.0,18770.0,17890.0,18410.0,2984007
2023-08-14,18220.0,18540.0,18220.0,18350.0,1960641
2023-08-15,18350.0,18810.0,18350.0,18610.0,1742470
2023-08-16,18740.0,18740.0,18410.0,18410.0,1670919
2023-08-17,18480.0,18480.0,18150.0,18180.0,2125844
2023-08-18,17990.0,18120.0,16930.0,16930.0,4551554
2023-08-21,16900.0,17160.0,16309.999999999998,16440.0,1893345
2023-08-22,16600.0,16640.0,15850.0,16600.0,1907144
2023-08-23,16770.0,16870.0,16440.0,16440.0,981933
2023-08-24,16570.0,16670.0,16440.0,16640.0,801509
2023-08-25,16640.0,17130.0,16570.0,16570.0,1308293
2023-08-28,16800.0,16800.0,16470.0,16770.0,945371
2023-08-29,16830.0,17030.0,16700.0,16830.0,985547
2023-08-30,16970.0,16970.0,16740.0,16970.0,902887
2023-08-31,16870.0,17790.0,16870.0,17790.0,2638079
2023-09-05,17890.0,19000.0,17790.0,19000.0,5788243
2023-09-06,19270.0,19400.0,18940.0,19200.0,4397005
2023-09-07,19200.0,19400.0,18970.0,19040.0,4221082
2023-09-08,19040.0,20350.0,18970.0,20090.0,6650263
2023-09-11,20450.0,20750.0,19690.0,19690.0,5530961
2023-09-12,19690.0,20620.0,19400.0,20450.0,4011949
2023-09-13,20680.0,20680.0,19530.0,20250.0,3866421
2023-09-14,20350.0,21010.0,20120.0,20250.0,4657556
2023-09-15,20390.0,20420.0,19600.0,19860.0,3210701
2023-09-18,20220.0,20290.0,19790.0,19860.0,3472830
2023-09-19,20060.0,21240.0,19760.0,21240.0,7216908
2023-09-20,21630.0,21630.0,21080.0,21270.0,3048142
2023-09-21,21340.0,21570.0,21110.0,21310.0,3886274
2023-09-22,20850.0,21040.0,19830.0,20190.0,5955957
2023-09-25,20220.0,20580.0,18810.0,18810.0,5646970
2023-09-26,18610.0,19630.0,18610.0,18810.0,3705172
2023-09-27,19070.0,20120.0,18310.0,20120.0,4857737
2023-09-28,20120.0,20350.0,19600.0,20160.0,3640978
2023-09-29,20520.0,20650.0,19930.0,20320.0,2724429
2023-10-02,20350.0,21240.0,20350.0,20390.0,3577204
2023-10-03,20090.0,20250.0,19140.0,19200.0,4547536
2023-10-04,18940.0,20520.0,18870.0,20390.0,3473309
2023-10-05,20520.0,20710.0,19730.0,19730.0,3110563
2023-10-06,19730.0,20390.0,19460.0,20290.0,2704967
2023-10-09,20390.0,20850.0,20290.0,20850.0,4009978
2023-10-10,21110.0,22290.0,20880.0,21500.0,10852676
2023-10-11,21960.0,22100.0,21570.0,22000.0,3656927
2023-10-12,22290.0,22360.0,21340.0,21500.0,4680320
2023-10-13,21110.0,22290.0,21110.0,22160.0,3983727
2023-10-16,22160.0,22160.0,21080.0,21110.0,4536659
2023-10-17,21140.0,21370.0,19660.0,19660.0,7491583
2023-10-18,19790.0,19790.0,18350.0,18940.0,7719342
2023-10-19,18770.0,19000.0,17950.0,17950.0,3964486
2023-10-20,17990.0,18740.0,17390.0,18410.0,4085894
2023-10-23,18280.0,18710.0,17690.0,17760.0,2306008
2023-10-24,17990.0,18180.0,17490.0,17890.0,1912762
2023-10-25,17920.0,18680.0,17920.0,18280.0,3045820
2023-10-26,17820.0,18020.0,17030.0,17030.0,6048038
2023-10-27,17100.0,17690.0,16770.0,17390.0,2261738
2023-10-30,17360.0,17490.0,16700.0,16700.0,1672134
2023-10-31,16700.0,16970.0,15580.0,15580.0,3525178
2023-11-01,15780.0,16239.999999999998,14930.0,16180.0,1831806
2023-11-02,16540.0,17290.0,16440.0,17290.0,2746675
2023-11-03,17360.0,17760.0,17000.0,17430.0,2096028
2023-11-06,17620.0,17720.0,17330.0,17520.0,1570694
2023-11-07,17430.0,18380.0,17230.0,18180.0,3393293
2023-11-08,18220.0,19140.0,18020.0,19070.0,3345888
2023-11-09,19070.0,19400.0,18840.0,19000.0,3844412
2023-11-10,19000.0,20060.0,18940.0,19500.0,4131385
2023-11-13,19460.0,19600.0,19040.0,19330.0,2529998
2023-11-14,19630.0,19930.0,19230.0,19690.0,2899329
2023-11-15,20160.0,20160.0,19660.0,19860.0,2606843
2023-11-16,19690.0,19860.0,19600.0,19790.0,1547594
2023-11-17,19930.0,20350.0,19070.0,19230.0,3002599
2023-11-20,19070.0,19860.0,18810.0,19660.0,2461967
2023-11-21,19930.0,19930.0,19560.0,19860.0,3088893
2023-11-22,20270.0,20680.0,20120.0,20300.0,2816218
2023-11-23,20340.0,20420.0,19660.0,19660.0,2395910
2023-11-24,19740.0,19960.0,18910.0,19590.0,2672310
2023-11-27,19660.0,19700.0,19060.0,19280.0,931646
2023-11-28,19320.0,19430.0,18750.0,19320.0,1437630
2023-11-29,19590.0,20380.0,19590.0,20380.0,3095286
2023-11-30,20530.0,20530.0,20190.0,20190.0,2500817
2023-12-01,20460.0,20490.0,20150.0,20380.0,1569918
2023-12-04,20760.0,21170.0,20490.0,21170.0,3060871
2023-12-05,21250.0,21250.0,20760.0,20800.0,2512959
2023-12-06,20950.0,21100.0,20720.0,21060.0,1430667
2023-12-07,21210.0,21210.0,20270.0,20420.0,2285649
2023-12-08,20490.0,20950.0,20340.0,20800.0,1555079
2023-12-11,20800.0,20800.0,20460.0,20610.0,607940
2023-12-12,20720.0,21510.0,20680.0,21170.0,2868674
2023-12-13,21480.0,21510.0,20720.0,20760.0,1533844
2023-12-14,21140.0,21140.0,20610.0,20680.0,1209948
2023-12-15,20800.0,20980.0,20570.0,20680.0,852321
2023-12-18,20720.0,21060.0,20680.0,20720.0,1286639
2023-12-19,20720.0,21100.0,20640.0,21100.0,1263616
2023-12-20,21170.0,21250.0,20950.0,21020.0,1017588
2023-12-21,20830.0,21590.0,20830.0,21510.0,2136350
2023-12-22,21510.0,21890.0,21290.0,21550.0,1863953
2023-12-25,21550.0,21780.0,21320.0,21700.0,1729302
2023-12-26,21700.0,21780.0,21440.0,21740.0,1772588
2023-12-27,21740.0,21780.0,21290.0,21320.0,1879874
2023-12-28,21290.0,21400.0,20980.0,21020.0,1816682
2023-12-29,20640.0,21780.0,20640.0,21780.0,2840769
2024-01-02,21700.0,22080.0,21060.0,21320.0,2732076
2024-01-03,21210.0,21510.0,21210.0,21510.0,1222511
2024-01-04,21480.0,21550.0,21250.0,21320.0,2215837
2024-01-05,21320.0,21400.0,20950.0,21020.0,2397973
2024-01-08,21060.0,21170.0,20910.0,20910.0,1663426
2024-01-09,20950.0,21290.0,20870.0,20950.0,1471966
2024-01-10,21100.0,21170.0,20800.0,20830.0,1156420
2024-01-11,20950.0,20950.0,20800.0,20950.0,848841
2024-01-12,20720.0,20800.0,20270.0,20270.0,3304936
2024-01-15,20420.0,20640.0,19740.0,19740.0,2133552
2024-01-16,19740.0,20000.0,19590.0,20000.0,1639204
2024-01-17,20120.0,20800.0,20120.0,20610.0,2492545
2024-01-18,20420.0,20570.0,20340.0,20340.0,2411051
2024-01-19,20340.0,20490.0,20270.0,20340.0,1692769
2024-01-22,20300.0,21060.0,20040.0,20040.0,4164601
2024-01-23,20640.0,21440.0,20490.0,21360.0,8495972
2024-01-24,21850.0,21850.0,21140.0,21290.0,4717674
2024-01-25,21480.0,21480.0,21060.0,21250.0,4210741
2024-01-26,21510.0,21630.0,21320.0,21480.0,7167099
2024-01-29,21550.0,22040.0,21400.0,21780.0,9268185
2024-01-30,21780.0,23250.0,21590.0,23250.0,20157627
2024-01-31,23440.0,23560.0,22380.0,22610.0,9754553
2024-02-01,22690.0,23030.0,22530.0,22840.0,7416193
2024-02-02,22800.0,22950.0,22190.0,22310.0,10720111
2024-02-05,22460.0,22760.0,21930.0,22160.0,8774339
2024-02-06,22380.0,22380.0,21970.0,22310.0,5429148
2024-02-07,22420.0,22760.0,22310.0,22650.0,10552657
2024-02-15,22950.0,23060.0,22310.0,22500.0,7082356
2024-02-16,22610.0,22610.0,21970.0,22040.0,9841617
2024-02-19,22080.0,22120.0,21630.0,21630.0,9318716
2024-02-20,21850.0,22010.0,21510.0,21780.0,7602743
2024-02-21,21890.0,22040.0,21700.0,21700.0,5090210
2024-02-22,21930.0,22380.0,21850.0,22120.0,10960109
2024-02-23,22230.0,22230.0,20950.0,20950.0,14485271
2024-02-26,21020.0,21170.0,20640.0,20720.0,6898368
2024-02-27,20870.0,21320.0,20720.0,20910.0,8807897
2024-02-28,21060.0,21320.0,20800.0,20950.0,8967184
2024-02-29,21100.0,21250.0,20720.0,20980.0,5850727
2024-03-01,20980.0,21480.0,20870.0,21480.0,8800495
2024-03-04,21700.0,21740.0,21250.0,21400.0,6944749
2024-03-05,21480.0,22010.0,21440.0,21700.0,9194598
2024-03-06,21740.0,21740.0,21060.0,21170.0,9276173
2024-03-07,21250.0,21360.0,20980.0,21170.0,5399192
2024-03-08,21250.0,21820.0,21100.0,21360.0,10543050
2024-03-11,21400.0,21700.0,20950.0,21100.0,5165152
2024-03-12,21020.0,21740.0,21020.0,21630.0,9200619
2024-03-13,21820.0,22230.0,21780.0,22230.0,13754909
2024-03-14,22530.0,22530.0,21850.0,22010.0,12381712
2024-03-15,22010.0,22230.0,21630.0,21740.0,9879464
2024-03-18,21890.0,21890.0,20420.0,20950.0,13872461
2024-03-19,20980.0,21400.0,20800.0,21100.0,4015363
2024-03-20,21140.0,21740.0,21100.0,21550.0,5912310
2024-03-21,21630.0,21630.0,21360.0,21590.0,5062394
2024-03-22,21670.0,22040.0,21440.0,21550.0,8843276
2024-03-25,21550.0,21780.0,21100.0,21250.0,6553562
2024-03-26,21170.0,21400.0,21100.0,21400.0,3551796
2024-03-27,21480.0,21780.0,21290.0,21590.0,5968209
2024-03-28,21780.0,21780.0,21480.0,21510.0,3463132
2024-03-29,21590.0,21850.0,21510.0,21510.0,5405677
2024-04-01,21510.0,21550.0,21170.0,21360.0,3963783
2024-04-02,21550.0,22010.0,21550.0,21930.0,10988260
2024-04-03,22010.0,22040.0,21590.0,21590.0,5093238
2024-04-04,21590.0,21670.0,21250.0,21320.0,4220600
2024-04-05,21170.0,21250.0,20950.0,20950.0,6203024
2024-04-08,20980.0,21210.0,20830.0,20980.0,3125096
2024-04-09,21100.0,21250.0,20950.0,21250.0,2335452
2024-04-10,21290.0,21400.0,21170.0,21170.0,3336964
2024-04-11,20950.0,21170.0,20950.0,21100.0,2163607
2024-04-12,21210.0,21210.0,21060.0,21170.0,1974851
2024-04-15,21020.0,21630.0,19740.0,19740.0,6722138
2024-04-16,19770.0,20230.0,19470.0,20120.0,5714930
2024-04-17,20340.0,20340.0,19620.0,19620.0,2878848
2024-04-19,19360.0,19510.0,18530.0,18790.0,4146662
2024-04-22,19060.0,19250.0,18940.0,19170.0,1503056
2024-04-23,19250.0,19430.0,18790.0,18910.0,2291214
2024-04-24,19250.0,19620.0,19130.0,19470.0,2378639
2024-04-25,19430.0,19850.0,19280.0,19620.0,1933457
2024-04-26,19430.0,19700.0,19430.0,19550.0,1364182
2024-05-02,19740.0,20040.0,19740.0,19850.0,1289109
2024-05-03,19960.0,20120.0,19700.0,19850.0,1629904
2024-05-06,20120.0,20150.0,19890.0,20150.0,1735567
2024-05-07,20230.0,20570.0,20120.0,20270.0,2074025
2024-05-08,19960.0,20380.0,19960.0,20300.0,1898297
2024-05-09,20530.0,20530.0,20040.0,20270.0,1631520
2024-05-10,20270.0,20340.0,19930.0,20150.0,1515258
2024-05-13,20190.0,20490.0,20190.0,20460.0,2368503
2024-05-14,20490.0,20530.0,20270.0,20300.0,1542970
2024-05-15,20420.0,20490.0,20270.0,20380.0,1984487
2024-05-16,20680.0,20980.0,20680.0,20800.0,3266560
2024-05-17,20950.0,20950.0,20720.0,20950.0,2500187
2024-05-20,21360.0,21930.0,21320.0,21440.0,8036558
2024-05-21,21590.0,21780.0,21100.0,21440.0,5884859
2024-05-22,21550.0,21630.0,21060.0,21140.0,5538958
2024-05-23,21320.0,22530.0,21320.0,22230.0,16202876
2024-05-24,22160.0,22190.0,21210.0,21480.0,7480875
2024-05-27,21550.0,22120.0,21250.0,21930.0,5655391
2024-05-28,22080.0,22500.0,21550.0,22120.0,10021063
2024-05-29,22120.0,22380.0,21630.0,21630.0,6287505
2024-05-30,21290.0,21550.0,21060.0,21480.0,5371188
2024-05-31,21400.0,21820.0,21360.0,21440.0,2881676
2024-06-03,21780.0,22270.0,21510.0,22190.0,6609594
2024-06-04,22310.0,22650.0,22010.0,22080.0,5440822
2024-06-05,22160.0,22460.0,21970.0,22010.0,5837302
2024-06-06,22040.0,22190.0,21630.0,21820.0,4331747
2024-06-07,21850.0,22010.0,21780.0,21820.0,2338045
2024-06-10,22120.0,22310.0,21850.0,22080.0,4359887
2024-06-11,22160.0,22310.0,21700.0,21780.0,4237126
2024-06-12,21850.0,22040.0,21630.0,21930.0,2667963
2024-06-13,22160.0,22570.0,22010.0,22080.0,7167077
2024-06-14,22160.0,22310.0,21400.0,21400.0,5482230
2024-06-17,21550.0,21670.0,21210.0,21320.0,3368664
2024-06-18,21440.0,21630.0,21320.0,21320.0,2502864
2024-06-19,21440.0,22010.0,21400.0,21930.0,5195943
2024-06-20,22120.0,22840.0,21850.0,22420.0,8654733
2024-06-21,22460.0,22950.0,22230.0,22690.0,7700935
2024-06-24,22690.0,22690.0,21290.0,21360.0,7865247
2024-06-25,21550.0,21590.0,21100.0,21480.0,4932725
2024-06-26,21510.0,22350.0,21210.0,22350.0,4168670
2024-06-27,22160.0,22910.0,22080.0,22230.0,7562096
2024-06-28,22230.0,22460.0,21700.0,21740.0,4444510
2024-07-01,21930.0,22460.0,21700.0,22380.0,3006889
2024-07-02,22530.0,22530.0,22190.0,22460.0,3368704
2024-07-03,22460.0,22880.0,22190.0,22530.0,6323862
2024-07-04,22610.0,22840.0,22270.0,22350.0,4599751
2024-07-05,22500.0,22500.0,22010.0,22120.0,3278829
2024-07-08,22270.0,22800.0,22080.0,22350.0,4633665
2024-07-09,22530.0,23900.0,22420.0,23900.0,13779859
2024-07-10,23900.0,24120.0,23630.0,23820.0,5827633
2024-07-11,24050.0,24090.0,23480.0,23900.0,5900944
2024-07-12,23900.0,24160.0,23140.0,23290.0,6302025
2024-07-15,23630.0,24120.0,23520.0,24050.0,4984823
2024-07-16,24090.0,24120.0,23630.0,23670.0,3172732
2024-07-17,23780.0,24050.0,22040.0,22840.0,8216566
2024-07-18,22950.0,23400.0,22530.0,23370.0,4697093
2024-07-19,23060.0,23290.0,22720.0,22910.0,3105064
2024-07-22,22690.0,22760.0,21590.0,21780.0,6607082
2024-07-23,21780.0,22040.0,21320.0,21320.0,3811073
2024-07-24,21170.0,21780.0,20830.0,21550.0,4158373
2024-07-25,21400.0,21700.0,21250.0,21480.0,1048729
2024-07-26,21670.0,21890.0,21590.0,21890.0,1810164
2024-07-29,22010.0,22160.0,21740.0,21780.0,1318665
2024-07-30,21890.0,22120.0,21630.0,21930.0,2285698
2024-07-31,22080.0,22350.0,21820.0,21850.0,3820340
2024-08-01,21930.0,22010.0,20980.0,21100.0,4954070
2024-08-02,20950.0,21550.0,20570.0,21550.0,3076462
2024-08-05,20570.0,21170.0,20080.0,20080.0,7722040
2024-08-06,20270.0,20950.0,20040.0,20800.0,3330753
2024-08-07,20870.0,20980.0,20490.0,20760.0,1399458
2024-08-08,20830.0,21170.0,20610.0,20720.0,2299839
2024-08-09,20980.0,21320.0,20950.0,21140.0,2046385
2024-08-12,21250.0,21630.0,21140.0,21630.0,2229456
2024-08-13,21630.0,21630.0,21170.0,21320.0,2210158
2024-08-14,21550.0,21550.0,21290.0,21290.0,1509283
2024-08-15,21550.0,21550.0,21140.0,21170.0,1618991
2024-08-16,21320.0,22010.0,21290.0,21930.0,2900709
2024-08-19,22010.0,22380.0,21820.0,22380.0,2237266
2024-08-20,22380.0,22380.0,22010.0,22270.0,1848530
2024-08-21,22350.0,22460.0,22080.0,22310.0,2013093
2024-08-22,22310.0,22610.0,22080.0,22080.0,2334838
2024-08-23,22080.0,22420.0,22080.0,22310.0,1898908
2024-08-26,22530.0,22570.0,22310.0,22350.0,2627750
2024-08-27,22230.0,22420.0,21930.0,21930.0,2111116
2024-08-28,21930.0,22040.0,21630.0,21740.0,2267588
2024-08-29,21630.0,21700.0,21400.0,21400.0,2973185
2024-08-30,21480.0,21700.0,21360.0,21360.0,1408751
2024-09-04,21170.0,21740.0,21020.0,21510.0,1312139
2024-09-05,21550.0,21590.0,21210.0,21210.0,993824
2024-09-06,21210.0,21400.0,21170.0,21290.0,1003449
2024-09-09,21210.0,21550.0,21170.0,21320.0,724924
2024-09-10,21480.0,21850.0,21440.0,21440.0,2793874
2024-09-11,21440.0,21850.0,21440.0,21820.0,3262811
2024-09-12,22230.0,22310.0,21890.0,21930.0,1883224
2024-09-13,22010.0,22010.0,21670.0,21670.0,1006712
2024-09-16,21780.0,21930.0,21590.0,21590.0,1347845
2024-09-17,21590.0,21780.0,21320.0,21780.0,1059603
2024-09-18,21820.0,21970.0,21780.0,21890.0,1854236
2024-09-19,21780.0,21890.0,21590.0,21780.0,1188726
2024-09-20,21930.0,21930.0,21670.0,21850.0,2002009
2024-09-23,21930.0,21930.0,21670.0,21780.0,1105008
2024-09-24,21700.0,21820.0,21670.0,21780.0,1343966
2024-09-25,21930.0,22270.0,21820.0,22270.0,5531717
2024-09-26,22310.0,22310.0,21930.0,22040.0,3227189
2024-09-27,22160.0,22160.0,21670.0,22040.0,2524940
2024-09-30,22040.0,22040.0,21740.0,21930.0,2189189
2024-10-01,22080.0,22080.0,21700.0,21700.0,3542487
2024-10-02,21740.0,21820.0,21480.0,21510.0,1725545
2024-10-03,21510.0,21780.0,21060.0,21060.0,3975114
2024-10-04,21020.0,21100.0,20830.0,20830.0,2482307
2024-10-07,21020.0,21100.0,20760.0,20830.0,1442640
2024-10-08,20870.0,21100.0,20830.0,21020.0,1005619
2024-10-09,21020.0,21250.0,21020.0,21140.0,882782
2024-10-10,21250.0,21360.0,21210.0,21290.0,1413604
2024-10-11,21400.0,21400.0,21020.0,21100.0,1356344
2024-10-14,21290.0,21320.0,20950.0,20950.0,1784872
2024-10-15,20950.0,21100.0,20800.0,20800.0,1571791
2024-10-16,20800.0,20910.0,20680.0,20720.0,1601992
2024-10-17,20720.0,20870.0,20610.0,20760.0,1153853
2024-10-18,20830.0,21060.0,20830.0,20830.0,945295
2024-10-21,20830.0,21020.0,20800.0,20870.0,658769
2024-10-22,20870.0,20870.0,20380.0,20610.0,1471621
2024-10-23,20680.0,20680.0,20270.0,20460.0,1866254
2024-10-24,20460.0,20610.0,20270.0,20270.0,1153275
2024-10-25,20300.0,20340.0,20190.0,20190.0,974401
2024-10-28,20270.0,20420.0,20190.0,20270.0,616911
2024-10-29,20380.0,20680.0,20340.0,20530.0,1501493
2024-10-30,20530.0,20680.0,20300.0,20300.0,1249132
2024-10-31,20530.0,20570.0,20230.0,20270.0,1750443
2024-11-01,20420.0,20640.0,20270.0,20300.0,1692742
2024-11-04,20530.0,20530.0,20340.0,20340.0,1411278
2024-11-05,20570.0,20570.0,20420.0,20460.0,1804591
2024-11-06,20530.0,20720.0,20380.0,20720.0,2632823
2024-11-07,21040.0,21040.0,20700.0,20700.0,2025267
2024-11-08,20830.0,20830.0,20000.0,20130.0,2460541
2024-11-11,20170.0,20440.0,20040.0,20220.0,1731500
2024-11-12,20390.0,20610.0,20260.0,20260.0,1662009
2024-11-13,20220.0,20440.0,20170.0,20350.0,1009860
2024-11-14,20350.0,20440.0,19910.0,19960.0,1637907
2024-11-15,19780.0,19870.0,19220.0,19220.0,2307122
2024-11-18,19130.0,19570.0,19040.0,19440.0,978735
2024-11-19,19440.0,19610.0,18960.0,18960.0,1431608
2024-11-20,18870.0,19480.0,18830.0,19390.0,1390974
2024-11-21,19520.0,19570.0,19390.0,19480.0,574109
2024-11-22,19440.0,19570.0,19390.0,19390.0,1071716
2024-11-25,19480.0,20130.0,19480.0,19910.0,1741202
2024-11-26,19910.0,20130.0,19870.0,19910.0,705337
2024-11-27,19960.0,20130.0,19830.0,19910.0,670154
2024-11-28,19960.0,20170.0,19960.0,20000.0,867980
2024-11-29,20170.0,20390.0,20000.0,20090.0,1503764
2024-12-02,20130.0,20310.0,20040.0,20090.0,1108762
2024-12-03,20170.0,20220.0,20000.0,20090.0,1040071
2024-12-04,20170.0,20170.0,19870.0,19870.0,825517
2024-12-05,19870.0,20260.0,19780.0,20260.0,1554730
2024-12-06,20350.0,20570.0,20220.0,20220.0,1174716
2024-12-09,20260.0,20260.0,20130.0,20130.0,1192135
2024-12-10,20130.0,20350.0,19830.0,19870.0,2090691
2024-12-11,20000.0,20170.0,19830.0,19870.0,1180933
2024-12-12,19870.0,20040.0,19830.0,19870.0,887077
2024-12-13,20000.0,20000.0,19830.0,19870.0,888866
2024-12-16,19910.0,20000.0,19740.0,19780.0,712781
2024-12-17,19830.0,19910.0,19740.0,19740.0,728340
2024-12-18,19780.0,19960.0,19740.0,19870.0,692813
2024-12-19,19740.0,19830.0,19610.0,19700.0,931483
2024-12-20,19740.0,20090.0,19740.0,19830.0,949613
2024-12-23,20000.0,20130.0,19870.0,19910.0,449225
2024-12-24,19910.0,19910.0,19740.0,19780.0,608696
2024-12-25,19780.0,20700.0,19780.0,20220.0,2856692
2024-12-26,20220.0,20350.0,20040.0,20040.0,604042
2024-12-27,20090.0,20260.0,19830.0,19830.0,1213172
2024-12-30,19830.0,19960.0,19780.0,19780.0,1209409
2024-12-31,19780.0,19910.0,19650.0,19910.0,849958
2025-01-02,20090.0,20130.0,19740.0,19780.0,793766
2025-01-03,19780.0,20000.0,19740.0,19740.0,1323478
2025-01-06,19740.0,19910.0,19130.0,19130.0,1657049
2025-01-07,19220.0,19310.0,19040.0,19090.0,880807
2025-01-08,19170.0,19220.0,19040.0,19170.0,411069
2025-01-09,19170.0,19310.0,19040.0,19040.0,684365
2025-01-10,18870.0,19040.0,18700.0,18780.0,2025462
2025-01-13,18740.0,18870.0,18350.0,18740.0,1998456
2025-01-14,18780.0,18960.0,18740.0,18830.0,582857
2025-01-15,19090.0,19310.0,18870.0,19220.0,1731297
2025-01-16,19440.0,19480.0,19350.0,19390.0,1132250
2025-01-17,19480.0,19700.0,19390.0,19610.0,1622540
2025-01-20,19650.0,19740.0,19570.0,19700.0,1329136
2025-01-21,19700.0,19910.0,19650.0,19780.0,1500716
2025-01-22,19780.0,19830.0,19650.0,19740.0,1348734
2025-01-23,19570.0,19870.0,19570.0,19870.0,998652
2025-01-24,19870.0,20130.0,19740.0,20000.0,1505240
2025-02-03,20000.0,20130.0,19740.0,20090.0,986567
2025-02-04,20090.0,20170.0,19960.0,20130.0,2044128
2025-02-05,20130.0,20170.0,19960.0,20040.0,1557818
2025-02-06,20000.0,20440.0,20000.0,20350.0,3933410
2025-02-07,20440.0,21220.0,20390.0,20830.0,4534451
2025-02-10,20650.0,20650.0,20170.0,20170.0,1627489
2025-02-11,20390.0,20480.0,20170.0,20350.0,1590075
2025-02-12,20350.0,20740.0,20350.0,20480.0,2123499
2025-02-13,20480.0,21040.0,20480.0,20700.0,3819839
2025-02-14,20960.0,20960.0,20520.0,20520.0,2155233
2025-02-17,20570.0,21130.0,20570.0,20610.0,4178873
2025-02-18,20700.0,21040.0,20570.0,20700.0,1988958
2025-02-19,20740.0,20960.0,20570.0,20960.0,3356721
2025-02-20,21040.0,21090.0,20700.0,20830.0,1857023
2025-02-21,20780.0,20830.0,20610.0,20650.0,1961520
2025-02-24,20520.0,20650.0,20390.0,20610.0,2985064
2025-02-25,20610.0,21130.0,20570.0,20910.0,4440109
2025-02-26,20910.0,21040.0,20740.0,21000.0,1825440
2025-02-27,21040.0,21480.0,20910.0,21220.0,4496993
2025-02-28,21220.0,21220.0,20870.0,20870.0,2440656
2025-03-03,20870.0,21090.0,20740.0,20870.0,2243460
2025-03-04,20870.0,20870.0,20520.0,20780.0,2152716
2025-03-05,20700.0,20870.0,20440.0,20480.0,1801772
2025-03-06,20520.0,20610.0,20440.0,20570.0,1733446
2025-03-07,20650.0,20740.0,20480.0,20520.0,2119377
2025-03-10,20570.0,20830.0,20480.0,20610.0,2722124
2025-03-11,20440.0,20870.0,20350.0,20870.0,2259018
2025-03-12,20830.0,20960.0,20570.0,20610.0,2140512
2025-03-13,20650.0,20650.0,20090.0,20090.0,3198458
2025-03-14,20090.0,20170.0,19740.0,19830.0,2412479
2025-03-17,19960.0,20170.0,19910.0,20130.0,1442188
2025-03-18,20130.0,20570.0,20130.0,20220.0,1711422
2025-03-19,20310.0,20310.0,19870.0,20170.0,1323289
2025-03-20,20170.0,20310.0,19910.0,20000.0,1391989
2025-03-21,20090.0,20310.0,20000.0,20170.0,1488777
2025-03-24,20130.0,20130.0,19830.0,19910.0,1377422
2025-03-25,19740.0,20040.0,19740.0,20000.0,962047
2025-03-26,20000.0,20220.0,19910.0,20130.0,1059098
2025-03-27,20170.0,20170.0,20000.0,20130.0,653625
2025-03-28,20130.0,20130.0,19910.0,20000.0,887265
2025-03-31,19570.0,19780.0,19480.0,19650.0,1838560
2025-04-01,19740.0,19830.0,19650.0,19650.0,750049
2025-04-02,19650.0,19870.0,19650.0,19700.0,589429
2025-04-03,18440.0,19700.0,18350.0,18350.0,6015487
2025-04-04,17220.0,18650.0,17090.0,18440.0,4295633
2025-04-08,17220.0,18170.0,17170.0,17170.0,4019679
2025-04-09,16000.0,17170.0,16000.0,16040.0,3531251
2025-04-10,17130.0,17130.0,17130.0,17130.0,151154
2025-04-11,17650.0,18260.0,17350.0,18220.0,2431154
2025-04-14,18260.0,18700.0,18000.0,18700.0,2056360
2025-04-15,18350.0,18650.0,18040.0,18610.0,1553327
2025-04-16,18260.0,18700.0,18220.0,18260.0,821955
2025-04-17,18440.0,18440.0,18000.0,18260.0,996121
2025-04-18,18350.0,18570.0,18350.0,18390.0,930391
2025-04-21,18520.0,18740.0,18390.0,18440.0,1307629
2025-04-22,18480.0,18480.0,17170.0,17830.0,2634781
2025-04-23,18130.0,18170.0,17780.0,18000.0,853115
2025-04-24,18000.0,18310.0,17960.0,18090.0,846154
2025-04-25,18090.0,18520.0,18040.0,18090.0,1087908
2025-04-28,18220.0,18350.0,18090.0,18130.0,575703
2025-04-29,18130.0,18350.0,18090.0,18130.0,547064
2025-05-05,18220.0,18610.0,18040.0,18520.0,1111158
2025-05-06,18650.0,18830.0,18440.0,18480.0,1436960
2025-05-07,18260.0,19390.0,18260.0,19390.0,3600562
2025-05-08,19390.0,19740.0,19260.0,19520.0,2131850
2025-05-09,19570.0,19650.0,19220.0,19350.0,1262508
2025-05-12,19520.0,19610.0,19090.0,19260.0,1479227
2025-05-13,19390.0,19480.0,19220.0,19260.0,1306739
2025-05-14,19310.0,19390.0,19170.0,19310.0,1422552
2025-05-15,19310.0,19780.0,19260.0,19350.0,1495309
2025-05-16,19350.0,19960.0,19260.0,19520.0,2255718
2025-05-19,19570.0,19740.0,19440.0,19570.0,1057441
2025-05-20,19570.0,19570.0,19220.0,19220.0,1620430
2025-05-21,19220.0,19390.0,18870.0,19130.0,1877319
2025-05-22,19000.0,19440.0,19000.0,19170.0,1914470
2025-05-23,19390.0,19390.0,19090.0,19260.0,914572
2025-05-26,19260.0,19780.0,18960.0,19780.0,2683334
2025-05-27,20090.0,20310.0,19870.0,20090.0,4635387
2025-05-28,20260.0,20260.0,19650.0,19830.0,1968106
2025-05-29,19830.0,19910.0,19570.0,19650.0,2524255
2025-05-30,19650.0,19780.0,19130.0,19170.0,2983096
2025-06-02,19170.0,20260.0,19170.0,20090.0,4354309
2025-06-03,20170.0,20220.0,20040.0,20040.0,2519008
2025-06-04,20090.0,20520.0,19960.0,20350.0,4660897
2025-06-05,20350.0,20480.0,19870.0,20310.0,2789890
2025-06-06,20310.0,20480.0,19870.0,19910.0,2111604
2025-06-09,19830.0,20000.0,19480.0,19650.0,2275727
2025-06-10,19650.0,19960.0,19520.0,19780.0,1943294
2025-06-11,19780.0,19830.0,19480.0,19780.0,1154235
2025-06-12,19780.0,19830.0,19570.0,19650.0,1444367
2025-06-13,19440.0,19480.0,19000.0,19040.0,3479092
2025-06-16,19130.0,19350.0,19090.0,19350.0,992549
2025-06-17,19440.0,19650.0,19350.0,19390.0,1136834
2025-06-18,19440.0,19480.0,19220.0,19220.0,1381598
2025-06-19,19480.0,19480.0,19170.0,19260.0,1317619
2025-06-20,19220.0,19480.0,19220.0,19260.0,1233341
2025-06-23,19170.0,19170.0,18910.0,19000.0,2066882
2025-06-24,19170.0,19260.0,18870.0,18870.0,3686075
2025-06-25,19040.0,19130.0,18960.0,19090.0,1673414
2025-06-26,19090.0,19130.0,18960.0,19000.0,1478034
2025-06-27,19000.0,19220.0,19000.0,19040.0,1616712
2025-06-30,19130.0,19130.0,18960.0,19040.0,1386617
2025-07-01,19040.0,19310.0,18870.0,18870.0,1948049
2025-07-02,18870.0,19040.0,18830.0,18960.0,1425418
2025-07-03,18780.0,19130.0,18780.0,18910.0,2290723
2025-07-04,19000.0,19040.0,18870.0,19000.0,1479796
2025-07-07,19040.0,19260.0,19000.0,19000.0,2078457
2025-07-08,19090.0,19570.0,19090.0,19570.0,5540984
2025-07-09,19700.0,19830.0,19440.0,19520.0,3020407
2025-07-10,19570.0,19870.0,19440.0,19610.0,3592083
2025-07-11,19650.0,19700.0,19440.0,19440.0,2874476
2025-07-14,19570.0,20090.0,19440.0,19910.0,4877713
2025-07-15,20090.0,20090.0,19700.0,19700.0,3363319
2025-07-16,19700.0,20170.0,19650.0,20000.0,3600120
2025-07-17,20090.0,20350.0,19830.0,19960.0,6514064
2025-07-18,20040.0,20130.0,19740.0,19830.0,4659726
2025-07-21,20000.0,20260.0,19830.0,19830.0,4372032
2025-07-22,19740.0,19910.0,19650.0,19910.0,3328306
2025-07-23,20170.0,21310.0,20130.0,21310.0,15320768
2025-07-24,21960.0,21960.0,21220.0,21650.0,8227533
2025-07-25,21740.0,22260.0,21650.0,21870.0,6560775
2025-07-28,22040.0,23310.0,22040.0,22780.0,9845308
2025-07-29,23390.0,23390.0,21220.0,21220.0,15330319
2025-07-30,21040.0,21650.0,20520.0,21090.0,7864632
2025-07-31,21480.0,22520.0,21220.0,22520.0,13131576
2025-08-01,23570.0,24090.0,22870.0,24090.0,19340281
2025-08-04,24090.0,24520.0,23570.0,23910.0,8783425
2025-08-05,24090.0,24610.0,22260.0,22260.0,17382919
2025-08-06,22650.0,22910.0,22310.0,22870.0,6867602
2025-08-07,23310.0,23310.0,22440.0,22740.0,6656082
2025-08-08,22960.0,23170.0,22570.0,22960.0,6674224
2025-08-11,23440.0,23740.0,23220.0,23480.0,7574481
2025-08-12,23650.0,24570.0,23350.0,24520.0,13231698
2025-08-13,24740.0,25220.0,23910.0,24170.0,9676564
2025-08-14,24610.0,24740.0,23780.0,23960.0,6163723
2025-08-15,24350.0,25040.0,24000.0,24740.0,11324764
2025-08-18,25170.0,26440.0,24910.0,26440.0,14116626
2025-08-19,27830.0,28260.0,27130.0,27220.0,13081746
2025-08-20,26960.0,27830.0,25350.0,25440.0,14022253
2025-08-21,26040.0,26040.0,25040.0,26040.0,6018732
2025-08-22,25260.0,25910.0,24260.0,24260.0,10458102
2025-08-25,23910.0,24350.0,22570.0,22570.0,9704062
2025-08-26,22480.0,23780.0,22480.0,23780.0,2603842
2025-08-27,23910.0,24000.0,23130.0,23130.0,3300725
2025-08-28,23130.0,23570.0,23090.0,23440.0,2650138
2025-08-29,23480.0,23910.0,23220.0,23260.0,4803675
2025-09-03,23220.0,24260.0,23220.0,24090.0,3730066
2025-09-04,24130.0,24780.0,23960.0,24090.0,4781898
2025-09-05,24310.0,24520.0,23390.0,23390.0,4628823
2025-09-08,23390.0,23520.0,22390.0,22390.0,6868867
2025-09-09,22570.0,22700.0,22260.0,22480.0,2739022
2025-09-10,22780.0,22960.0,22350.0,22830.0,1832112
2025-09-11,22610.0,23000.0,21960.0,22870.0,3818230
2025-09-12,23170.0,23440.0,22960.0,23310.0,2593684
2025-09-15,23350.0,23650.0,23220.0,23520.0,2011658
2025-09-16,23650.0,23700.0,23040.0,23170.0,2522347
2025-09-17,23170.0,23310.0,22700.0,22700.0,1632675
2025-09-18,23000.0,23040.0,22700.0,22870.0,1843006
2025-09-19,22910.0,23520.0,22910.0,23130.0,1565557
2025-09-22,23040.0,23170.0,22310.0,22350.0,2236044
2025-09-23,22610.0,22650.0,22260.0,22260.0,1070026
2025-09-24,22260.0,22610.0,22220.0,22610.0,1233495
2025-09-25,22780.0,23260.0,22700.0,23130.0,2198183
2025-09-26,23130.0,23520.0,22650.0,22650.0,2443102
2025-09-29,22520.0,22830.0,22350.0,22350.0,1368628
2025-09-30,22480.0,22570.0,21780.0,22260.0,2564397
2025-10-01,22260.0,22260.0,22000.0,22220.0,1636428
2025-10-02,22350.0,22350.0,21570.0,21570.0,2602021
2025-10-03,21570.0,21570.0,21000.0,21090.0,1809473
2025-10-06,21520.0,22000.0,21310.0,22000.0,1398309
2025-10-07,22310.0,22310.0,21570.0,21570.0,992342
2025-10-08,21910.0,21910.0,21480.0,21520.0,2251401
2025-10-09,21520.0,21700.0,21090.0,21310.0,2835100
2025-10-10,21350.0,21830.0,21310.0,21350.0,2044947
2025-10-13,21000.0,21350.0,21000.0,21130.0,2187576
2025-10-14,21310.0,21870.0,21130.0,21390.0,3305974
2025-10-15,21390.0,21390.0,20700.0,20700.0,3539717
2025-10-16,20830.0,20910.0,20090.0,20310.0,5130387
2025-10-17,20610.0,21130.0,20220.0,20220.0,2723175
2025-10-20,20310.0,20700.0,18870.0,18870.0,4751861
2025-10-21,18830.0,19570.0,18830.0,19570.0,3457115
2025-10-22,19740.0,19780.0,18910.0,19440.0,2635802
2025-10-23,19440.0,19610.0,19040.0,19170.0,2519639
2025-10-24,19440.0,19440.0,18870.0,19310.0,1895972
2025-10-27,19480.0,19650.0,19310.0,19390.0,1616441
2025-10-28,19480.0,19480.0,19000.0,19480.0,1253217
2025-10-29,19610.0,20220.0,19610.0,20170.0,4177388
2025-10-30,20480.0,21090.0,20480.0,20520.0,4213949
2025-10-31,20700.0,21040.0,20610.0,20700.0,2625593
2025-11-03,20870.0,21650.0,20830.0,21000.0,4455483
2025-11-04,21000.0,21480.0,20520.0,21480.0,3594307
2025-11-05,21310.0,21480.0,21220.0,21390.0,1716990
2025-11-06,21480.0,21830.0,21310.0,21520.0,2417100
2025-11-07,21520.0,21700.0,21000.0,21090.0,2097832
2025-11-10,21090.0,21220.0,20480.0,20480.0,1782057
2025-11-11,20700.0,21040.0,20650.0,20910.0,2266826
2025-11-12,21200.0,21900.0,21000.0,21900.0,2407419
2025-11-13,22050.0,22050.0,21700.0,21900.0,1556036
2025-11-14,21900.0,22350.0,21800.0,22050.0,2076689
2025-11-17,22100.0,22700.0,22100.0,22550.0,2325038
2025-11-18,22850.0,22850.0,22400.0,22500.0,2131315
2025-11-19,22600.0,22650.0,21850.0,22100.0,2188842
2025-11-20,22300.0,22300.0,21800.0,22200.0,1205925
2025-11-21,22000.0,22150.0,21750.0,22100.0,1341628
2025-11-24,21850.0,22100.0,21800.0,21850.0,1371065
2025-11-25,21800.0,22200.0,21650.0,21700.0,1085500
2025-11-26,21700.0,22200.0,21700.0,22200.0,1087200
2025-11-27,22300.0,22300.0,21900.0,22000.0,683200
2025-11-28,21950.0,22050.0,21700.0,21700.0,910700
2025-12-01,21900.0,21900.0,21650.0,21700.0,700800
2025-12-02,21600.0,23200.0,21600.0,23200.0,8674600
2025-12-03,23650.0,23800.0,23100.0,23250.0,4389000
2025-12-04,23300.0,23350.0,22950.0,23200.0,3836600
2025-12-05,23300.0,24200.0,23100.0,23100.0,8502200
2025-12-08,23200.0,23200.0,22400.0,22400.0,3643600
2025-12-09,22400.0,22700.0,21100.0,21800.0,5716600
2025-12-10,21650.0,22300.0,21650.0,21700.0,2018600
2025-12-11,21850.0,22000.0,21500.0,21500.0,1845000
2025-12-12,21600.0,21600.0,20500.0,20600.0,4122200
2025-12-15,20800.0,21400.0,20800.0,21200.0,3297700
2025-12-16,21150.0,22450.0,21100.0,22450.0,5901400
2025-12-17,22250.0,22400.0,22000.0,22000.0,3045900
2025-12-18,22000.0,22250.0,21650.0,21900.0,1120500
2025-12-19,21950.0,22000.0,21500.0,21550.0,1152900
2025-12-22,21700.0,22000.0,21600.0,21900.0,1212900
2025-12-23,21900.0,22250.0,21900.0,22050.0,2520900
2025-12-24,22200.0,22600.0,22000.0,22100.0,3219800
2025-12-25,22200.0,22200.0,21850.0,21950.0,1762200
2025-12-26,21950.0,22250.0,21300.0,21750.0,1947300
2025-12-29,22050.0,23250.0,22050.0,22600.0,5089400
2025-12-30,22550.0,22950.0,22500.0,22700.0,2374200
2025-12-31,22800.0,23200.0,22550.0,22550.0,2002600
2026-01-05,22650.0,23400.0,22400.0,22900.0,4079900
2026-01-06,23150.0,24500.0,23050.0,24500.0,15776300
2026-01-07,25150.0,25250.0,24600.0,25050.0,5766500
2026-01-08,25100.0,25100.0,24300.0,24450.0,6744500
2026-01-09,24500.0,24700.0,23600.0,23750.0,6590000
2026-01-12,23750.0,24350.0,23750.0,24100.0,5425500
2026-01-13,24300.0,24850.0,23800.0,24150.0,6392300
2026-01-14,24200.0,24900.0,24000.0,24150.0,10686300
2026-01-15,24200.0,25600.0,24150.0,25600.0,12206100
2026-01-16,25800.0,25850.0,24600.0,24600.0,5604800
2026-01-19,24600.0,24900.0,24050.0,24100.0,4858300
2026-01-20,24300.0,24650.0,23650.0,23800.0,5843300
2026-01-21,23700.0,23800.0,23000.0,23250.0,6595100
2026-01-22,23600.0,24200.0,23300.0,24100.0,5547800
2026-01-23,24100.0,24100.0,23350.0,23350.0,3824800
2026-01-26,23250.0,23650.0,22450.0,22600.0,8343900
2026-01-27,22650.0,23100.0,22400.0,22850.0,3440800
2026-01-28,23200.0,23300.0,22600.0,22900.0,4913000
2026-01-29,22950.0,24150.0,22950.0,24000.0,6508000
2026-01-30,24600.0,24950.0,24200.0,24200.0,8072600
2026-02-02,24950.0,25300.0,24600.0,25000.0,10712500
2026-02-03,25300.0,25800.0,25100.0,25700.0,8417600
2026-02-04,25850.0,27400.0,25300.0,26150.0,12103000
2026-02-05,26250.0,26700.0,25650.0,25650.0,4800700
2026-02-06,25300.0,25450.0,24700.0,24700.0,7370700
2026-02-09,24900.0,25350.0,24850.0,25000.0,3148300
2026-02-10,25000.0,25250.0,24000.0,24450.0,4693100
2026-02-11,24450.0,25700.0,24450.0,25500.0,3475600
2026-02-12,25600.0,25850.0,25300.0,25600.0,2047900
2026-02-13,25700.0,26800.0,25600.0,26250.0,6364700
2026-02-23,26500.0,27400.0,25900.0,26400.0,6000800
2026-02-24,26550.0,26550.0,26000.0,26100.0,3816700
2026-02-25,26250.0,27050.0,26100.0,26400.0,6933800
2026-02-26,26900.0,28200.0,26500.0,28200.0,21679600
2026-02-27,29000.0,30150.0,28700.0,30150.0,16148900
2026-03-02,30150.0,32200.000000000004,29500.0,30450.0,18667300
2026-03-03,31500.0,31500.0,29600.0,31350.0,13454100
2026-03-04,31200.0,31200.0,29200.0,29200.0,14651000
2026-03-05,29350.0,30300.0,28550.0,29000.0,14899900
2026-03-06,28700.0,29600.0,28000.0,28150.0,9651200
2026-03-09,26200.0,26200.0,26200.0,26200.0,6761000
2026-03-10,26200.0,26900.0,24750.0,25750.0,14237900
2026-03-11,25750.0,27200.0,25750.0,26700.0,7383700
2026-03-12,26700.0,27850.0,26250.0,27300.0,7914700
2026-03-13,27150.0,28500.0,26400.0,26800.0,10219300
2026-03-16,27000.0,27000.0,25550.0,26250.0,6840900
2026-03-17,26500.0,26800.0,25500.0,25500.0,6010300
2026-03-18,25550.0,26450.0,25500.0,26200.0,4998700
2026-03-19,25500.0,26450.0,25400.0,25700.0,6155300
2026-03-20,25700.0,27450.0,25700.0,26650.0,12486900
2026-03-23,26650.0,26900.0,25150.0,25350.0,6528700
2026-03-24,26050.0,26500.0,25600.0,26100.0,5306200
2026-03-25,26500.0,27900.0,26500.0,27900.0,7036700
2026-03-26,28900.0,29450.0,28100.0,28300.0,12731200
2026-03-27,28150.0,29650.0,27850.0,29100.0,11259300
2026-03-30,28600.0,30500.0,28450.0,29150.0,11069500
2026-03-31,29350.0,29750.0,28000.0,28300.0,12188100
2026-04-01,28750.0,28900.0,27300.0,27500.0,11742700
2026-04-02,27700.0,28050.0,27100.0,27800.0,6164200
2026-04-03,27800.0,28400.0,26600.0,26700.0,8967200
2026-04-06,26050.0,26700.0,25700.0,25750.0,6351800
2026-04-07,25700.0,26350.0,25400.0,25800.0,4508200
2026-04-08,26700.0,27600.0,26200.0,27300.0,6689000
2026-04-09,27100.0,27250.0,26600.0,26850.0,4737500
2026-04-10,27250.0,27450.0,26800.0,27350.0,5424900
2026-04-13,27650.0,28000.0,27250.0,27350.0,4967000
2026-04-14,27650.0,27650.0,27350.0,27450.0,4692400
2026-04-15,27600.0,27900.0,27300.0,27400.0,4995100
2026-04-16,27300.0,27300.0,26600.0,27000.0,5086500
2026-04-17,27200.0,27200.0,26650.0,26650.0,3106600
2026-04-20,26700.0,27050.0,26500.0,26600.0,2877100
2026-04-21,26650.0,26800.0,26250.0,26250.0,3281200
2026-04-22,26300.0,26550.0,25800.0,25900.0,3381700
2026-04-23,26000.0,26000.0,24100.0,24100.0,16264100
2026-04-24,22450.0,22450.0,22450.0,22450.0,1403300
2026-04-28,20900.0,20900.0,20900.0,20900.0,1403500
2026-04-29,19450.0,20150.0,19450.0,19550.0,41889900
2026-05-04,19750.0,20900.0,19750.0,19800.0,11502300
2026-05-05,20150.0,20550.0,18450.0,19150.0,14570700
2026-05-06,19450.0,19850.0,19100.0,19800.0,9548300
2026-05-07,20000.0,20000.0,19000.0,19050.0,10344700
2026-05-08,19150.0,19150.0,17750.0,18100.0,18810200
2026-05-11,18100.0,18800.0,17600.0,18650.0,9180300
2026-05-12,18400.0,18550.0,18050.0,18100.0,7606600
2026-05-13,18000.0,18300.0,17800.0,18150.0,8445100
2026-05-14,18100.0,18400.0,18000.0,18050.0,4894900
2026-05-15,18100.0,18200.0,17800.0,17850.0,5691600
2026-05-18,16650.0,17900.0,16650.0,17650.0,23676100
2026-05-19,18050.0,18850.0,17650.0,18850.0,14607000
2026-05-20,18900.0,19450.0,17600.0,19000.0,14805000
2026-05-21,19450.0,20300.0,18900.0,20300.0,27265500
2026-05-22,20400.0,21200.0,19750.0,20600.0,12932700
2026-05-25,20100.0,20500.0,19200.0,19550.0,8971800
2026-05-26,19550.0,20100.0,19000.0,19900.0,4222700
2026-05-27,19800.0,20000.0,19400.0,19600.0,3689900
2026-05-28,19500.0,19650.0,19050.0,19050.0,4204800
2026-05-29,19100.0,19350.0,18750.0,19350.0,3102500
2026-06-01,19450.0,19450.0,18400.0,19000.0,2826000
2026-06-02,18800.0,19000.0,18050.0,19000.0,8336400
2026-06-03,18800.0,19150.0,18550.0,19000.0,2155200
2026-06-04,19000.0,19000.0,18500.0,18600.0,2257100
2026-06-05,18600.0,19000.0,18550.0,18650.0,1793200
2026-06-08,18800.0,19250.0,18650.0,19050.0,4635400
2026-06-09,19050.0,19250.0,18900.0,19150.0,2039900
2026-06-10,19100.0,19950.0,18950.0,19750.0,5231400
2026-06-11,19800.0,20450.0,19600.0,19950.0,5991400
2026-06-12,20200.0,20200.0,19450.0,19550.0,2425400
2026-06-15,19650.0,20000.0,19300.0,19900.0,3014100
2026-06-16,20000.0,20200.0,19650.0,19700.0,2527900
2026-06-17,19600.0,20050.0,19600.0,19900.0,2429800
2026-06-18,20000.0,21250.0,20000.0,21250.0,13807500
2026-06-19,21250.0,21750.0,20850.0,21250.0,5676400
2026-06-22,21050.0,22500.0,21050.0,22500.0,8393900
2026-06-23,22500.0,22900.0,21350.0,21900.0,6231900
2026-06-24,21700.0,21800.0,21000.0,21750.0,4185800
2026-06-25,21700.0,22150.0,21350.0,22000.0,4887500
2026-06-26,21850.0,21900.0,21300.0,21500.0,3090400
2026-06-29,21350.0,22200.0,21250.0,22200.0,4706200
2026-06-30,22300.0,23300.0,22300.0,23100.0,10479700
2026-07-01,22900.0,23050.0,22350.0,22500.0,3293800
2026-07-02,22550.0,22850.0,22050.0,22400.0,3583400
2026-07-03,22100.0,22400.0,21550.0,22000.0,3022200
2026-07-06,21550.0,21700.0,20500.0,20550.0,7464000
2026-07-07,20500.0,21800.0,20350.0,21600.0,4239400
2026-07-08,21500.0,22150.0,21300.0,22150.0,2882500
2026-07-09,21600.0,22100.0,21350.0,21900.0,2571300
2026-07-10,21550.0,21900.0,21250.0,21250.0,1208900
2026-07-13,21100.0,21250.0,20650.0,21250.0,1816500
2026-07-14,20950.0,21400.0,20750.0,21350.0,1476600
2026-07-15,21600.0,22050.0,21450.0,21600.0,2322900
2026-07-16,21600.0,22250.0,20950.0,22250.0,3135800
2026-07-17,22250.0,22250.0,21700.0,21800.0,1258000
2026-07-20,21800.0,21800.0,20300.0,20550.0,2781000
2026-07-21,20550.0,20900.0,20300.0,20550.0,1302400
2026-07-22,20250.0,20750.0,19650.0,20550.0,3136100
2026-07-23,20650.0,21350.0,20050.0,21000.0,1880300
2026-07-24,21100.0,21800.0,20900.0,21100.0,1690100
2026-07-27,21500.0,22300.0,20900.0,21650.0,3528900
2026-07-28,21250.0,22000.0,21250.0,21400.0,1560700
2026-07-29,21600.0,21650.0,20950.0,21500.0,2105400
2026-07-30,21550.0,22050.0,21450.0,21650.0,3359400
2026-07-31,21750.0,21900.0,21150.0,21400.0,1525000
2026-08-03,21300.0,21650.0,21300.0,21500.0,1767100
2026-08-04,21600.0,21750.0,21250.0,21500.0,1362700
2026-08-05,21600.0,21650.0,21000.0,21000.0,2158900
2026-08-06,21000.0,21000.0,20500.0,20500.0,2249300
2026-08-07,20550.0,20900.0,20400.0,20650.0,1519000
2026-08-10,20600.0,21150.0,20600.0,20650.0,1608700
2026-08-11,20850.0,21150.0,20550.0,20550.0,1351900
2026-08-12,20700.0,20900.0,20450.0,20750.0,1466000
2026-08-13,20900.0,20900.0,20500.0,20700.0,1161900
2026-08-14,20450.0,20600.0,20100.0,20500.0,1778000
2026-08-17,20400.0,20550.0,19950.0,20400.0,1638300
2026-08-18,20200.0,20450.0,20150.0,20400.0,899900
2026-08-19,20300.0,20450.0,20150.0,20350.0,802200
2026-08-20,20350.0,20350.0,20050.0,20100.0,684900
2026-08-21,20100.0,20650.0,19750.0,20600.0,1981600
2026-08-24,20900.0,20900.0,20500.0,20500.0,1029800
2026-08-25,20500.0,20600.0,20200.0,20450.0,1109100
2026-08-26,20150.0,20450.0,20150.0,20350.0,1122300
2026-08-27,20400.0,21300.0,20150.0,21050.0,3679400
2026-08-28,21000.0,21000.0,20650.0,20700.0,976800
2026-09-03,20600.0,20600.0,20200.0,20250.0,1700400
2026-09-04,20350.0,20400.0,20000.0,20100.0,1214900
2026-09-07,20100.0,20150.0,19900.0,20050.0,1060500
2026-09-08,20000.0,20500.0,20000.0,20450.0,1240700
2026-09-09,20450.0,20900.0,20450.0,20700.0,2090900
2026-09-10,20600.0,20600.0,20400.0,20450.0,1055100
2026-09-11,20500.0,20750.0,20200.0,20400.0,1674100
2026-09-14,20400.0,20400.0,19450.0,20250.0,2703000
2026-09-15,20000.0,20400.0,20000.0,20050.0,858300
2026-09-16,20150.0,20300.0,19950.0,20000.0,1201900
2026-09-17,19600.0,20150.0,19600.0,20050.0,832900
2026-09-18,19950.0,20100.0,19850.0,20050.0,1055400
2026-09-21,20000.0,20550.0,19800.0,20150.0,1817000
